source_uid,target_uid,title
bLbJVGD7Yy0wvfVjl0cZBg,jS9q-KUrrPGYOI2Q-U1x98,name-392
930YnbDsMs3sETcQuCXeFz,HQ9xoaxMH_z7laSrenCc3J,name-392
VqvIfjc70Pi9rDoDD2ik3e,HNGtJrnhQ30vDLmrevHU8D,name-392
YZdD-OB0go3B2yAF3L6oJj,35stWlcNIQq2Y2OE_bXGEY,name-568
GgX0CgcfK3F59k42vH_M1V,BGoljT6ok9w-9ZgHnkb03P,name-568
2edzgOVb62nuZdmekJT2eL,umoW9XO52JPoS9J2BplzxN,name-658
_MxFq39PDZtAEtdzsjmPwm,JZPAXVMSemRyX1F4J5hBvw,name-872
-R4B6xOqoGzoyOoUrxCImD,Efhyyju2t6JXopv_gcXnk4,name-286
3MaJGhMqQGxmZTVIGBx652,B7IJlkhJhnpICWjZmh2Kjo,name-286
dB5xHur9JZm6psHPhHPxK1,Iv2wz0VHcmYHTf0TmTQN15,name-431
lHAuF2wRGOdYcAQbsql32q,Q-kNKhxOyiHSoB8kaxmItS,name-826
J9CRoaqLukPDV1WELts3OH,QGgVvT0SF4r4JYPaPGOga3,name-725
drmvwx2MnrQWgZ_pLZcJmy,dUnbEXpwged6WdCpR7fBvD,name-725
u6TUrvs1lVU18mXFcDBz4V,VFRvsXPMGvJup-6JGmg2LH,name-560
nqsw6XteCIodJ7PzeJ6Evo,C6V8wicbD08iQwrUpSMjcw,name-560
Bu5K4EYtLqZijZUN96KbE1,vm0u-Dhh2NTWkfuQ7HZG2x,name-738
Eu-m64WyokHiMZfuam9w1W,noQYbUduRuKsfBJu-LD_GA,name-587
A8ioZpykU-VZ_HmqQcKyGJ,A5wsjulIxiI2TfEG7pPU7I,name-587
8hXqJ19isaiuXwS4T8D47s,3Thd9VLfzWN5_Ce6FcwIx-,name-749
qFNXQCb8Y2pcJlnJn4le0f,Zeb_2OqRuXBitkOnNDzxpR,name-905
CpSe8jhtpmkI7p9nNI1umk,zsnWsIbgb5F9zBHa0TSov9,name-1056
JXJsbG_oUNFqA6NDekChMq,uB6qrUJzthJbs-uQFzbZCV,name-760
KO0Z3R_Cj0TUdKUYahaC4W,Q4hPr2NRX2qdiRP6QQScoK,name-760
oxlfkrCdVN7sgV3fbifmgG,vfHKc6QREyO_0CSPtehA4S,name-797
2uY5IB3hKapbpQ9VcNvab7,IjCMlwhy80CFP99DPp6zhf,name-828
n9PbRfcxgha89DKre7-89Q,1roEjqKmfs8_4jDkYlImlm,name-847
nkmgiLwZnxF9nb4CIOR4JN,YoqgMHyTsLfXlRXsc4r3MD,name-847
UTlykEwx_wfu2zw9N2xoGp,PNU6tHhEPhTkCqW1iPAu09,name-832
C0mmMJmzze15qsiVra3QWx,HCFR_2BM015Z_F1mLAUF7e,name-832
mYVuMhqoq5MWrYi7k5Da-P,TQ-BlI12e58ViNamC4N3jg,name-272
hduY0kvA_ksAEzocWudVcc,Xc5wPUKU6jgJuj-Va5VGHm,name-924
cqfv_l_NL4xr17YXBwhgiN,Et1lVwAxUcHXpb_enP8vsz,name-383
g-HetsB-nzYpUIGqSlsnfi,5Osth-8y-mavC-cIimdIAA,name-419
TVyUVUU-_4VjBGyKuj8WSR,dy9YLhttfCKChwRxfg-P6j,name-419
O8l5BjFD_52o7dXtEOhFpc,2BIpLskq1u8s1tR3y_AGrn,name-479
8o_bovROE3-BiWdffb7Owx,xkwUE6KAfMUZnDvP9wunOa,name-358
JkW5Y6E6Gf99NMZgnk8DR7,Z0uOKgY_IINsyftILLYxL5,name-257
fS1cN2Sa6FQz-JWikv9NFz,1y__zUW2S31p7Z-WbiG_ld,name-1079
obBdx_4c60pb3-duR_OGQf,dLsYfQgTdKU8D1pHrgEv_F,name-969
tZNoTFWZ-x5OcnZ44dZZFI,80073dYi9hO2BbGz-UbZuP,name-1039
eXMXxXwmwNXuJ85NEQvKdd,bT-lsDywt46qJKi5vPtGIf,name-623
tFRIe2xqxr9XvtmPvtqRpq,5el8eQpJui5D2UZNLGckpt,name-623
DIrVrP5XW9Meos2p5WtHDY,jAj4aq0lneM7zWjftoa3m9,name-284
kLwYX_nZ4s8-QkFzE7nyN-,jtU12YGaMiOcYZMWoGGQ5X,name-284
yqZIK4P_gTfI43DiTShr-J,hpojzeq15XOAoWPdFfz2_D,name-841
b0aI6cW5ZrgCqpsx4SW4qK,WunmSabDJxIaIK2G5nvMFm,name-270
cDvK2JKhc_uokl-zI4nfev,IvofVAn6oSV_GNgCY0fN-u,name-270
g_biK3kA3bs7gL_eouWRa8,SpIvtNEKu6B78xkk0L_F5Z,name-315
eIGhmefZxPIbOnF_iba7h-,q-pN4CTRlP27bN1dF7bQJu,name-496
fLycYqDq8-k508P8l3FIMU,dUje-IUmVCDjCc7WtX7qP1,name-711
5mmSkQYWhOyJGm-nfl-WqJ,pdHxt4LW5n2tP8ZSL2MAzG,name-711
A3GoKYw3wtt3YNwbcF9oc5,inKVoQ125yPGTBAZNdxrSu,name-339
In1jxXpksznYBXy4IgxNhn,b1k_8z6-KBMWbY-5mjCU-b,name-570
FQVTB59nsgUoNu7csLG6Rq,w5nO7a7fMeqC9Kwtd639RQ,name-891
nhJNK8ex7slil2yXcNMcrd,1SCK7HqrHFMkKhwRPXrPJQ,name-818
n9Gjt7F3o_EKi3NhUo_Wbi,ymmsKIY7L1515K3x8GcHeN,name-818
2zvzD8l4l9ZepFTJ0Ku1eh,kK69yhw049bgOYrhaDkIY2,name-1026
3LQLJVKDa9vyd3oa3AgMiY,ag38QBX3e_PQ43_W72Rk5h,name-688
B0RMPJaCEhROVihxc7bfiB,rmNM2UxEHHDZUMKQUe356q,name-334
yOKjutxrynMx59ntXfUd5n,cvZo4D0xT9cr6cE9KfIxS-,name-476
IwAis3-Q6EN7w7f_E3juKo,oGWuAsX-OAwsad4xVCwsxY,name-963
3NhtwI5rEI-gzEkT3w2jBf,y2K7qIjndhroXq_XxDRk8C,name-409
QvU93oQPvcBr1EEWOnocFm,Q0dL7D2cSfWejUY3MLAVJA,name-233
Xnh80n6-WsTFI_mw2zKxA1,CjgxtGxDOparB3kzkyJcNW,name-1025
E0B-24uS4Oa-0obdi-0JfD,UW2gZmmXNKpB1Vh-5xyN1B,name-519
YRcKHp_13gVTNudxJqSmZn,VQ3VECcie1wSaui6fItLnC,name-519
PyHo55ZdUiN1H-e9rsLrQB,HJ61EwGA0gLtTa5r4BW4Is,name-1125
rkv_D_xHvZHNOkm8Mm2zqv,KgHN8ZpQ_nTXEz-mZRqKf_,name-316
F9G3h1MyuT1inbtbVOR-bG,ys68a-Ri6oo7Hcr-Qrjv-E,name-382
WSG7RDOiyVX_T-Egy9MEe6,tbAujVlxeCA_7L_2FRXY_9,name-382
0UJ3ze-8a4EEDPeufx4DWa,47xdrBcQi9ozULa48sr-UL,name-1021
nGwDrqMSh72Z3K4MVGBMjF,hjlz-z7RHfHwvXX15TRX8X,name-1021
H9gBBebkBhoiA9_em1Lmeb,EhPtXiMts5f3YDPabBeI-l,name-974
UQiPWX711a2zlwSvpb1PCW,mIkHMQVjE0lIJ5rLK6WrpS,name-308
n4Ly9Cd5Imh3gyUiJ2CQzD,qe4mM8d6mkiBBdyklwHf4o,name-308
Y5is6lbts4WtIIUeNR00kz,X6pJxwHGlQFp6lzmvMG0Nb,name-575
gR2WbNaTonR9Zpz9U-LvU3,zqQR8JfHsEbK0CYoCBIUCL,name-575
WkyhIo5uY_nxndlxmqpkV2,jz2Z0K0FAQ5ZDimBLa_efM,name-803
5il85uLKcsXAauitoYjKzW,TAB9vdOtHPEjgbfiWtUBe5,name-524
AFdPyQtstGKOVsGMuhT7tR,nhBWHtqabw1Uo6rwHprLf-,name-1126
M-_b5-g6Vt6VKl6uDGbqIq,NWEm0ci6g3P5CVnf3Zow1N,name-300
aRDpEEoOGWMroR-DUso-g4,I4jJOSEz3xy3nNdPeRK0nt,name-298
XPvi3fCyfbl1pAHZW-K0Xo,W4-vJqCR3o4p62MJBIjsKK,name-343
5cE0wPHIojgSmYea7wDCUJ,0Zxjbf9deyrsMWgfjXKd0o,name-608
CccZBUYSr5YyxsBTslA8IR,ZAEkZkRj6lMDRqjmM0m1Th,name-1016
qWq3Vv72yLqxeU97bOCljq,8q0GFbXLQ9yKdxAkWrV7Ye,name-676
32mVrmKVxSLYudua2CfKm5,nHL7HVEF9C9luvAJ_hZKJr,name-676
KS5XWycOoHR4FSEx56Egd4,lw7u5NCmMMolNj-qVSwcAW,name-582
_Xlj5rIbEIK0zCj08ujiFv,VfVPtkVu2sgj_oAFirx1sM,name-319
9TX5mdOnXdI-XR54Ejwr3J,k6xqs1Euajh7yP_5_FZ2zZ,name-319
ZhcdXACmuuJ1o_3Q0wbsUh,DdYidLXgcwbSLymKbi_nln,name-735
6lGiCKIALYFNvG6KAV-Ka4,IVdIs0WDkq37q4g5DsVEGG,name-921
AH5FyEdSmXJo30KApRYOJf,Z5ip1kniuoLByCTR9PYmWP,name-610
v2cqN1C0OezohMX08lc5OC,3w1xP4LH7Wkr7y5bVhkd2_,name-610
kgzNFAbr4jPu5AZgVseOg4,eBO3EtH47qxFjpE5SADuZ8,name-283
DqJdgNg45UCzlw3acQM_lA,nXLPhxC9Dl5ZGWZEmUAdvf,name-854
sPnqAZt5m9n41Hq-ox_mo2,dlXbJUz__oNrpNDuF-oRxw,name-539
OW2iVHBejRX3HPXZvdnm0F,sCxKMv_284TpBC6Kk5Qc7A,name-445
-Zx1ijDokWT7VzAHHcD8Py,z3zW2L8ZT4GgbxuWjGf3uj,name-1124
4KG7pqu8mIE6aWH8EbynRq,Kce1T2ZGWn8IIBvzv41aVa,name-200
F1r-IttnkolYYa-rp4Wtsr,dAJux-BvoOIVTg4N0BR_dh,name-200
4vDrwP2Lr2Pcpcw-96ti06,krc2J05AktRHVlvGVy0hKn,name-1094
jYQEVRuUsrU3VxtKgHBeqK,WqdHwjzyGre--JgAhRX841,name-385
cdwXKRvb2qUcC8e8Zm91mL,Goehmni6ieHOVxNI4Bt4qv,name-385
ZzLN0pLRTclKC5axk32LIN,APOjmzLaoNJ12RdXdWDrTb,name-1059
IlcMKoDBZAUqNk7lCla7KN,uBGEmYoelABVyDqMVZYS_A,name-424
KdH2GwrLMzJEcOYBZblFx3,QlqEPvjkNqe1ubnmf5JTC4,name-424
5l-8YVJnCb-Oq3F9GfOSxI,MFyYPZDEDeOSCLjGKEBCKA,name-719
AXPKVdI7y-S9SrahV7cDdT,N-CTOLRqtRnohs0zVNR3RE,name-326
GWeXG8wKzJuUPfru5hgQQT,7zWYTVdyPm3D18-o_7EtI_,name-762
OMhMPx_T7qlrIzgk4LPFgG,5Kts6TDWFlYKvMBdgKsd-q,name-674
qrpBPGgiAoaBhbSlLuW0gW,AIsiKR_ASyb-XgLoxvt1Cy,name-674
aQoWMqBycHnDlV8PxPCy6-,2gJABJ5tPQqtdDN_sG2xJt,name-327
EU81JqxVix0KMi81gQfdW0,8YE7rhuJjJo7E9goHA0wXg,name-492
vf_q-ZRHqY3UPjc3cCFy9d,ZvAdG7ErLq6-P5sQwW5nds,name-686
rFZWa4eWy2c-YWxGBJXAJB,4KikoN3R_oRW9nWAd_I574,name-686
eZn2pvnx6EGopIcNPmdMxy,Ndy7nckDjgPV2L24J20Zze,name-528
lnmqSpCqyPMAjhsK8Y1CK1,ivHzzDGofpUCsSWbFkNjDg,name-528
k5g2gqUHuPbKYLpXWdwTFA,wzpKowJYwtVdDlYe6oXS0G,name-885
inRM4ZH8hKhMD1TPOgCTm9,tamVX7pFoY4A_42uhQsDN2,name-596
X8ypjR8HMl3Bu5IwZ_RBu5,ZMzBo7ArDM3dyPmP9rpGoJ,name-468
oAwBfOUvlZJ1V0J8XzqVrB,MBdXKaLa0FU9tGOizmho1T,name-1118
3wGGHwQUBzuB4y4Rc_2-hw,0AsRbKJVA25DduDea2FXbd,name-350
EvpGrn4EZQaQTXLyg0Otfn,3qKgJ39WsqOXerzRyg6C53,name-350
DBfoEv8qSkEY3RVSUqiOYT,VUb1q0n-aBe8agfiiG1BXr,name-235
3AGOar6S16mTTYe7uzuTVG,CyJprVSUJQQzZ6ZTjeb-xB,name-235
A7rpWY78UWwTkuEqr7tQL8,KHoG4Yj6WXIQiU_h56UTnC,name-202
6BrSklq35prCficSDpeNtn,sm8XVCHO8k1RbfdsPtiluz,name-381
npi9iDFLH_t0cRj0WGETuM,nvcrv2KQiiCz2v5wG3QW29,name-381
uEDD273MzSwRcEMHodY2Pd,ojD2f_XxlsVMv6RHyq_pB2,name-816
YgcdNXbhbKBzzQ5Rnpu74w,WevvJwvCwBxTIiObqE52id,name-322
OIv3TXAlqfbFfiW-z3RosO,zeHYMuLnfPDTwT-QjP9oxO,name-322
9FQdGDjly7qUqkQZvowAmq,5l_c9OMQMwJMWWoF3I8lo2,name-477
Z8jGzBmAnmI_WXnw0kInid,2mYVg__3MI9l4PJjlitE4u,name-355
V8La8veksRxOgacvp858jI,nDT7IqO5BgdgxtAuUJTYpN,name-355
uUIcAgGm-gCmQ8v-tVSnX3,kBLGMO5griqxZCe744k4R_,name-467
hZvChmqHFehY6iPMD0S-BR,KeRTZAbO9LDJar7NNpQmyd,name-277
kyt5lBKr3NI6etnGSmQm_P,72VYhrFJr7N2NI7XEkHTR0,name-277
28NNxB077z2JcgK7h3X4K6,sYqznpLoNWmwCAe5tVh0eG,name-400
UWKQiKYsIkUJrWxMgsjaS4,Tytp64khIam9VGNyh9EWJQ,name-1020
vWHnFVKvAvIZE0ca7QbFJl,aq4QSlXKt7ij9h_roFchkv,name-1018
73oTXvc0WUjuSmYqGpoNpD,dZTJMSlcJk_Gi0CtGCwnpx,name-947
GcmcV7AYClrR75DEuVX7mE,0nuqEDzqVqJ9ATfbY4ZA2t,name-834
ERqWkrJ2d4YvaTcfOsRW1R,SeE0GR5x1rcJ3ifonM8rpG,name-834
1cpU1lgqb9a9RfPcwdmGny,LspCPhboUNtW0bP6cp1gk4,name-892
po1a-eOO5WoX-Wx9EAv-b0,nqCWgMi1sA2UR71OJt6RS6,name-259
JoXZuRJemr0eh_LtmfrAdK,KGLtf1ghKiu86Gh2uco5kK,name-259
lIZuMt4sCUF4FPdOHUrgb6,csu3KcXLveF_bnA1gvebPa,name-433
Y4WQ8EINvP5AyHy5aJykMD,rlivZEkN_Y_cUflJ9qMCsq,name-203
gAUqhnmqZ6VZsMM4tO6-Ue,lKvRl2zJD4wacuEy1wn8eI,name-750
XGvOZ8q06zWUPQgmAp5Hbq,4EF3-1INnpEDYhNv1ZiMGv,name-311
rTwpauGLO9OtHa2v59Ed8m,N1HyYRMxLBZuZ1d9btrF91,name-311
Wpxw4c5vjX3aEnKT3WsaHd,dP5nGLDr7_V8w5ao0O9He1,name-910
jI4DJC1CRtJUTCU47WEoaT,ly_6Y2_LoaDqL8WAimWSdB,name-207
djUpFnjvnZTXBDySHQE1hA,9mTHawA1iJ0rE_R3GZyGDa,name-752
hcyjsFXZHlpaDK0UuZMkEE,b6MP3CFInQYj9YPCqV65-q,name-1110
gY4vfxf7jVvkdqF8Jel_jH,RFDuFlMnz8K7j9rvVIT9FV,name-1052
CCbeoDloV-1cz1v1Wg_Fa6,iaIRJVOJ2pMohfHIi0v1iz,name-866
0Ql7Dnza7ogoWkhNI-qTOf,VbUZf-PsGGRjcbwp72STqR,name-588
CnmnnWu-pE8qtnFj1LFWgq,LpoarQEJntnubzjsNDAIM-,name-679
eaO7dD6kKmM6LkuD7amdUg,hgd_SMx_W8Ez0T5n9cx7te,name-514
SUWW4fXf35Q327jil855ds,Q9twS9GNLylrfKkASeT5gn,name-514
DA10Tnq4uScmYqrim42CAT,sjsrjKyGchF7Zztw9xglmD,name-1098
KTekI4wEI3Mkt7_k8J9JTL,NCytxLyaTOXxvhm-2KYbxY,name-654
qHVr22caqANKHSxOR81BJG,9u8NHmqlYb8_gNjm8LIoqE,name-275
5SSPYbQvcSXG4fS4tCRP0f,cpObD3PYrShKLqHTB5af3n,name-275
y39FvZtHbihEZp_pJ0CWwU,DYj3GAUvfY12tqRYhmUftW,name-1104
nynHsQVuKY5DABD6qnfHqK,7Ffx2I43TE1KfQJZN1QJAk,name-585
Pa589zeJMWftfUWHtgBrbx,Q7tpl696J3A_oElGVWQ_lC,name-227
kBJC8NtV97SQkq-LDsqaic,If2pcFFqAq-nB7vW1GLBup,name-227
SML_o5Hm3GCa5j1BaO89ce,_M8AnmNwPFm0AMbudK7I6q,name-853
vxl1xW0doi9mKgsWfrC2LK,Z4PeAqUULmxgS6rw3y16TF,name-465
as3OabuCPYDMT58DBNk-rQ,-dRi0DkWbVUOvtgLncMFC9,name-808
l74cxLVr_4b0CL0oPwakpq,-TcBdUcpHjAsOZ_xAQOs6C,name-808
070J3l1LCikmw_hJgtx0kI,KqSySNteUDi2EzV0gt0m0b,name-794
r8DUNEQIu67WMJALxj94xT,cP17g2MqyjQF90_lXhg6_I,name-794
Q4q37l9uwrV1HarwRo8LDL,dsth0r0GIF0G5qbDX-2Rzu,name-831
ZoIcLLCK-xhT90QUrqcMx6,ituUXh_K0VvBhLGrELF1YS,name-643
RbOeut9EfPLx99y7O7ZBLE,8JrfaYIrUrnsNZF8x1CaLr,name-643
5cUFGNjKQz_23rXsXetLBc,PImlOnu_egF4eW8IzesVIT,name-017
TIU54MEVuKk_8w1nVkVM2C,xHhBHtreuvUlH0s8fULMIt,name-017
_UlnMGv4sKn0jnqe0khVf8,N-tHYDTB_2cFjdWqnkPKYc,name-017
1FpCuI33If9iojMQtZPBHe,-6a41-YHj5SUwibXaRJSgA,name-017
viQsZHdZLdpAqk7jLD0url,9PoQcu5aCDRZwKztXgKE2q,name-017
R7NxljfUu_xoGbxU5cHI-V,eEeNfQbHwaG67S2I-NA5RO,name-785
DfZDKp2T8AsoysQt3liVcR,bhCXnoe9StOMs6Na6ZvVFY,name-880
0yCcEITzMq_OD-o2HPQfSb,rB1kjKg5Q5Xe4xjQsNW5IL,name-280
C1C8GgFKe75o03ukY-fI8r,Yx99RpQ8LU1iUnBLTEnZqE,name-844
rJHryQ4Wt-w3cv7W4RFH7t,t3gveZIOIS3DfDZVdO4qiM,name-1011
7mf4fw7eBHq2l8JX8rzOsQ,mQkahJ6jic1s0heoHevEKB,name-370
yEqHYU4CY06GLK7GAPsSZj,LsidCrEibR70-R39vDidGj,name-370
21W40uZVV3qIp2S7IFtyWe,LWDAxE85Hy6QMn9SxZpEUh,name-607
HZuKjAWuWI4V22pM63MS9m,lRA-KZhwXJVkLYtlaSoD94,name-263
CugsIEKEq5ePqziiy_u2Dr,t7NlqMzjwF3IAbwRs6XFCp,name-958
8tw-aNC1REgRAq4NG7hwPE,cJwekmzIIqeyoUhNcstGQQ,name-1044
SxmfxL3GuMjjilfNej5WP6,WaioYV1JM7fvmZOvfY__HH,name-902
lcakCp_GFYjy6bMyHjk5Xj,X-Gk3ITdhdhoC-VvJPDhHt,name-518
tElNIovLHDm6CCYlVrliQR,nNz7F0veL4jqQ84sBTN_ME,name-1093
bkbqg-ZKkbWYebwhWjbvRm,kv_e-iosknmMbJfm1JOHo3,name-659
cIiRcykQY1H0pidKSiOY8R,aemlQ0mvi7PcX0cjM1n9ys,name-516
O9zMUX5QWprZGOBzAjqy8K,U5J5gx5aF-GWqdIlQ3YW1G,name-801
0vE87srIlNQ09M9xAetbag,gqiKF_03iIhxA4sM1nIkHD,name-238
kh8UsuZWSX1mUc_U0sY0UZ,J9hYnXNdmvym7FFBn6qzPg,name-581
4YCgK99AHiJR4GpkBajRvs,ug1au8Qjfae420_96jv53s,name-581
gFMMEJr9TEd7eyG9De0gRu,pq2YdCa7NHJSBgHO2bv1SP,name-432
NJDMttCgx4FM2XyP0E1W4y,iSJpKUJc78miBAFLW9aU_d,name-574
UgQZkVHYHvu_gsZwISoEln,f1zjHJoYkMYXfdvWk_ouFA,name-226
Mev4Mt4qfwsoZQaxfXPiuJ,E9ihFt35LgdF5HDZzTVC5J,name-226
Ed9eVyARrTTJ5-mBQRizKf,NIz03h4_GYhlnS2b6cg8r3,name-289
2cFtBsRBUQhi7A9yjOb9OX,7XVzkWWHipm6h_74SbDuNO,name-945
JxWdw_1zvqF7jLvBrYoIEW,heC2amsSc_gZuwRUIQJT-D,name-681
LPFjpCsmo78mZAnMqlJlMl,yZfVFQfaBzh3yFjqKE2fOe,name-258
RrtTQHijoMsC43q8bRaawd,kQHZBy76xAOBAVOZpO4oWa,name-1091
CECGsjkifJvl4xCgdngMPV,zgMpP2I3KKc2hIV5KMZKHV,name-475
05fmH0_uc_jdEavRMMp16D,Lu5dUwkyo8qr7SXziu1Mxf,name-917
2NwNGYUyCFkcdntnJ4N-lt,yMMlEVr8I0nIJvAt3SDICf,name-673
RPwd7JJCEzPcw6uC6hSx6J,GUiqlA2tXFJKXf6cSWmnKV,name-673
jIYUmYjqNj_7zpDhMzP8RI,mxQw-Bah-VLSYhx0KeDg-U,name-247
HMd-jMfcJDM2a4KBSzBFjZ,ypSaLMBd8xfiplMNotrNOw,name-938
XSuDYovYrs2I7DDJBurMa3,HhMLQ3_1kmwdyd-XV8k7Yz,name-399
6ber5mYcSx8xU_yHSTDYl2,kRItsuUxAtpsVt3urTo0PB,name-399
m260oq0mOvPP7wrbQ4bqVg,UjB3CAuLfjc2cQWiyiFy-l,name-605
eWezom6re8vSI5ThaSVUIO,XPI3q2876doTfU-oFGxvd-,name-488
nJg-TMF_7zYAW8sNVl8XWH,5Or56145LwC5sk3z1nxpZD,name-618
V4BRZbZ7z8nhaQjYhVr81R,2Re_iHvkBYRrWbBgIripAO,name-1088
mGldnGexbD4kyK5M-YjGBO,qeOo2AfpEsBEJIUga7qbNf,name-418
WPxgTBWVbEA2zThQfCY_Rl,ncgTKFfjoMdedsZj2VliGH,name-870
npOSZetnk68bVkwaUccoe9,Lu703kXgf_32VnFsylHmGP,name-1067
_TAZRtYk6zVBhodKwMlaAu,fsRF2fVirtlRT-MIbhljsX,name-1070
tBgrmVgtfvzZ7a3fw5dQL9,zMIwSOHk_yUUd0hr46Ado9,name-944
pSvLSZLqO9q2SyUfce68Nl,Ezv62cgnQJCAOQYZheXtYD,name-944
O5WKQG8DzPiMwlhuY7JrAp,HYqKINW8ScCh0zUWktxoq9,name-896
d8-aIBiIZ2D_KMKWxf9T9M,OyREY1PERl8kLgF870EU2q,name-1019
X3KqE8GSCZ0YJOxRj7I7U6,XtK-fKyjqrBypClVTia7rN,name-500
cRzWc4rPi2DgbtKxTC0pFv,svz_F6IlxnsnrU5E6iv4d9,name-359
deQcLVFZ6fYU9pF4siZ9OC,ytsezU3SfuT3FxjoYY2ODf,name-359
w0I8pPWSL-pohTru_DC2Gz,s9zJ85Q0DvMdfScIbHAaE8,name-429
s_h5vrSTG1tlu469ue3t-0,ngYq0TGNHpO0CJA53PkzYY,name-396
K014Mw5G4eRAZA_BecwYCJ,AVluJMbnUw_J_1vQOJklvt,name-850
BkGw9T2f18nQo9Oxp_kfud,ozTz0oq8uAWJsB82imzFlN,name-487
8Lr7XUyIdqoSsqbmWgbZyP,0DOw2pNV3AeBeM4XI_0HPb,name-487
tNU8e41w-e0hQIKBkhHUUA,Pzvmu0lv6QLQ5ZYEtUBoQ4,name-201
OE_BILau15nm0ttzZXrIMH,eU0LODhXzQ3RaUpClwGpj6,name-201
csY9egJuTw9kRWDLesGKv7,sJdmLImXzfjqBmFwU6hwNU,name-744
-SO5asfoRXp8S3b7l_fddz,S8viT6kcvjH2gtwwQTxHX4,name-489
1lkFRrdaPQs5mGJwMsIy8D,zhnICDxyeCo6SOieTsWr3Y,name-264
-mzJFydRcwxcEd5bispGYy,-K1HFYM8J5OIsALahiN957,name-1097
uYu2J-GeFhGONMrwtJxn_G,5K7CkHnuaxWzTYChjic5oR,name-940
u81HU1oo0MoYnxedT5-ys4,NrUfGXYs_1lwEyzfN5-ca7,name-209
g2TdhWdLTv3-_xH8N32-R6,ISZhmpce0Q9GtP202xZBJQ,name-450
b58QfWD3vuQE4uFz1xUjjw,8e-hWoBXnoeA0zBr0IfO2j,name-879
zdoVMAEGaIjQn74fdPGv--,Pzd_3EU1Qufso109nj_tDz,name-310
QPSrH95t7Kd_SCuMeOgqAa,M6QOrPM_vZgkTXPW3jtaUH,name-620
hFG0d3pxy5VJv_nIEUYtzH,dyd087TobVcgqm578tvaGc,name-271
LjX2FkbhVzjAdorheXi2XC,HilFcW9J_p5vOmqDFAJitp,name-1128
vlSSZmTCxmoKma8CotEkdE,SRhaILcU4PqLGRdaFc-Rfx,name-1085
hQaJa5pfyTT4k0rDm3xpgk,7PH8anqYrss-55EsdtwI6J,name-952
Mz3yGzZHr-fDJQN0DiSqL2,kWEwcJWbVQqtgb4ib9-UfN,name-1074
7NeoMdJdlIHa-nCrCNadW2,NT2TlRm9p723FMTymL4jNM,name-907
hI_PsQiZN51yU0GJFR0wQh,cSiTQ7VYg49CaojKUltacv,name-205
C_oQPmIZ5Ve95nzRZfyy3d,-qSuJbSwJ41CfFJxyHjWZg,name-205
X_GChpzkpKIX44SOhxXDBB,U0Iy3azRoQGdYtOEge8dP1,name-804
Zk8RPryU9cmb5RIVmoYJ36,h6pC1HNW16rWUhKGsTFhzT,name-635
85KFV1RsSNiWeLG9UniJp-,MF7ku172zqV4qQ_If2JIoo,name-393
PEBlzMv5n4mx1xvYzE8Cjw,guCmRvJJn9DEtSBDfEyxCV,name-393
P4wPK_cmpMJ5rJL0Tqv3s9,gUuKfQ4DDrZ7QNv194MtLX,name-912
nijh5mDku691WmEirbXEn_,sMCTHdRuq0a7vqyZYH7Xp4,name-912
C_0zTbYAFgIf81UfRM9qBr,iz8bavinaJiY75TAdK27dQ,name-219
6FFewKsb-mpyvRjUGGUja7,NyrPJtt7d4dww_jG1qdSw7,name-325
1GIzWibSWBzZVIGgOIzkuv,Ie_YGl3Bj0ttDnk6dINiXX,name-325
iWekQOTsI5ec6mPVEu1PoW,a_0eGgvAu2XI_hZrZu3AER,name-403
VMLmn7OKFTfb56rjofzBzr,sucQ2DAjBBMGTkejq2-ixl,name-1078
iqMCUhrhwwGNrAX9mbscs-,5qQa713z-vy1axYTi86PoS,name-463
4u7yDNQNc_BwFHX4zaQXkp,ohay81ZqI2xujBC0ZXdxmu,name-463
BqoHjlYxpT1aRUEzOYb4nM,y3sgFlpRST2FDtavn2fEq-,name-1023
2j96GRROgWDJvfELmtLBUW,77kZOfnXNiQT1UuegqDlk3,name-1127
wYIv15zQmGI-GSQrAIcyr6,YSSiXR_5TMiV0AU9rT0Zxf,name-363
qrcDduW8ls5MYO2vUqrbGj,5nb0q7uel0OeWQjAR9rrEv,name-362
EvQKPFSIjQOBQg0NYibZ9_,Jd-XBry1zCen6xd9hT8rN-,name-362
bz0pUoERRIAw290FpFLa0W,dcEBzcaEcvMRNofx-ocu2z,name-713
P-3ntkr06HsTR4Euor1zlz,MrxUMvCHMFmA8LUlFnPfnA,name-549
K4_5D8jXunIpStjU9w6iLu,JGRrEbZiB7EtjDsd8Bqn0R,name-314
XZ6n-LeKsCZvEnGT8K9Ouu,lfiFbqePGiFJ8L7uNp_p2p,name-378
gSl9ikRIK_2vpIMKv-zojW,2W9cbxM6rTtradp7Y3NXcr,name-378
oY2ENpJl67QnR3vs3NozSR,Hp22tfTs9F0mPFW9RBN6FN,name-542
FT5U4cqZJdi_5pq912EQr3,X8xA30gHUfS50IG6BOyZqu,name-909
h60LV0DThPnQAS7JVbqeXS,aQZp44Bm9OY5-gyuk4zUUM,name-401
M5XVAM9mLHB231gdHWLjRX,HIDXH30EgFJ0R0zD7qT-z4,name-530
y1U1RB90KfDC1NzJggkTP1,ybt_bzKtgOtYCHJsnlUNnA,name-840
Aj2G8-j6RGOreoY4GQSeUc,r0DenQ16nhXYok2uhOMyyT,name-550
mviirEKW2BgdJ-DdTHr_a4,81WhrnFlzC7vMZ_eY4QLaV,name-536
LYtldqlohn4tMmnuHBJ09X,YSgtXqB1nA2NCoqhOii9UQ,name-796
CkFv6_SVopORKvR8VKpCjZ,a0HVgGKPgOwh5ObElRS2g3,name-928
mU82czb7OFcXUcyYcljj7B,jz2zub5Mamm4kbS8J5zTQl,name-644
goLuN8P2tWJ3ENyO8dLVtL,mNAdp4U53DBGPck9juIntb,name-1106
nHTOYfpzt-cnBCZGOVQTcI,TIJuYCIhl6cx-4GIU-5zp8,name-1043
MmVTeKh8qdsJOlzjuk6G7I,dV5g7m_4SsCgsV1K50Msw4,name-379
Wk4f-_QwX7HHNJchjchI7a,zdfuzXrCdqD-ycDSbjrCLJ,name-211
oLUBHWgegBsgNHcL43SOFQ,kDIrrH5jnCKM0Q3z7vpBD6,name-1089
EpjcI29AC9BwcYK8ap4f19,8zrXip2MHWVtSzhxC5xxJT,name-1015
AqcWoOiLY17KSJC0vXqXwJ,D08L0K6sKZUifmN4H12lzN,name-668
1ma6RJgDyfIibN5pylJ_zd,Te3S0RU4SmflkBlh8hTeP9,name-665
fXxQKLXX1rIUVaMhdWM6_R,6FAJNfOOX1ISN8Clj03OF9,name-1024
x_OqUusVkI9PqdiZAHyAbC,jmiLIL4MSfMms6Zqz0RTNC,name-943
xhKFS4fYHFvHmhbq9n1c-_,VrqgPyR6mecvwRm60ikgdB,name-706
S2ZjNdMUTLfTfIhRWKI2A8,bjRsxFnyhtY6NpBVdnKo2R,name-869
ce9_hrxMvI11yZ996oluud,9gYkkCi6krzJ230eeJbF9y,name-276
neAnZNjeQBeGnAvaIZw4an,zuUHd_ZQlAS4-_VbjMu2vY,name-768
xEc2MxbLxsnx4Ez_yEFCa3,u_SALXQd4gQBAXFVb_gt8s,name-486
W8B3kLnqBo0zPZbOxVQo_w,pIgFftniSwqqIMsftbt2Ym,name-1095
uIBhDLTRjUGMGqgco6NWXn,ZC-x6MO203rVy0TEipyNVA,name-755
OLYwLsLxpR-310araAQLH8,r3XR4tP-zuzDW0QALfXgmS,name-755
73EzgkAeMKHXbq1-fO6Lla,H91-62Q0cewMoSdMUHvSuL,name-1065
q1mcQMn5096C9_crLOFRMz,kVnZDOBzSvNlzSd_c_UdkA,name-1048
RrKDEvZQ-SOG2-HnN9Ix2s,cC9dz1d0uHOZr51IpC3iLU,name-656
j-nwAlhXo8ldlGEDKKC8Fm,XeCDutA4GSr70-GsZqfGpE,name-633
o6TM_I0S-fj1J8lSjudW6J,IHN8KCgzX1Biu361r2Hxgo,name-423
E8OmeD7H9wO6ZkZfvAmLL8,cLoA4Fbi2IP7EciBd08QUQ,name-423
66scAlA5JQ4N_nLQ54h3Qf,_KAVMwbJ-VsPGvq9QvuFbx,name-1000
ahVtRGEE-GdhLH5G4mxiO3,nAn7s8iqUPzo7iWM-MPa5D,name-491
tZXpwXNowHtRVpFlNmMc3F,HsuCpWBx7HwAX3D1ezw1lE,name-281
h5ocoV5UNNAoFpqof_KcNk,kP8W04DRZ7xn25Ia9BOEDk,name-764
TdjATPaMGOPLhzS-Fu0imk,_aq1_ltlFIdVO7gXAlxZoD,name-764
dhdhmvZFcCyni5Kxemi4N7,JMrw9GyZcTmfUOWx8mp6A7,name-320
KC2EMaovFA6yjcg2UU0HI7,z-C9bDQiZxBwBM4yuQP_7r,name-1001
6a6tXBWDa2_UHFMJc-s1eW,O-7gqf3y1tLi5uTrH9RQRa,name-484
yBZPmBGuAtGFKaIYbKRT7z,Omlf6Sm-rGtpoiDcPcWqXt,name-484
zMelOtsyX5gcG_e8EQgqE5,3ya_wJTMDZg_RdzlcYCq7W,name-941
7E5Ev8CJsn_xW2Vmjx1ReN,NuX_AscHsBzf9soWvnWKt2,name-342
yqglKZ9TWRVw5cFoMI3LlL,V-xG5ke-pzmpw5xsC4gd2K,name-1077
EzQB1aGMvr9iEmQhgJaLkZ,b34eJiZlqno3mf49O3vaOE,name-230
3mYixjMl2fdzm4N8r-QVtH,LM-jfE6daLZmRAQfPW1RPt,name-230
TGqYp7QcA8SYvOYYSre2X0,rmcRexH11kLE2FmbEtDdS9,name-594
PK8giEUMwDuY-OpxqD74JL,hWHfxOCH8EvlTdEZjSIEwc,name-881
r0EyGxIpAO7eyR1x61vTfK,RhFsblxahbNfG3brlH6lYO,name-865
04cRWQh_5onUjzXBTZdthi,OB3AcDF9mzTmKOJyz2Sggl,name-993
Kv8dIgOY4Y1_0suUXjFXW2,8AJdU0ggOKqB0mmcieq18F,name-515
_-WwSkK9_Ielkvz1PYHy17,EH-8DpHlMroSjdOlWvtWpE,name-666
gT7Rv_EvBumnu94Y4zrvkf,PJbtuSVR5A2pzjplsOsRt4,name-1108
1iZjlZnBcscDDmTIGJEAtr,1MU4VLnNMyJHhNEGRTKOU-,name-1055
sU59D5Pd1UEZKhjV_Jx16X,Efa-pcQpdjpWUvhjYLVZCG,name-523
iQ0FYVejp2clnh7j2Z1MSx,jllgYiSeYHPW3M1CSz0eWR,name-323
U3oDk21C34UT6G1uq3_PRT,k1UTVZnWtX7p7CYaZ8Kq4t,name-464
bbdMesVDw1lE9n5-Eja73_,p3rxkOB4FV9eLg72eh25fZ,name-464
J9SPc5H4R4gfrRwcuIqq_B,HUGxoOsx1OrH2ChNYz4v6d,name-597
MaQJ68TDgmC3DLkZRkdypK,IWdGkd-TSUI6dVc5QLVtB7,name-637
ZAn4Vh-NbZ4JyEbRqq9Rqr,2KfOdVf4Ihv4oc4r36nEos,name-759
_mFwQoOk9TDrXaQhWjKwbD,cwkeRO8LN7ZQzhmiK8mea2,name-793
XSmmZDRUS4U1UaFQqwjQlh,PzrMAhoQLSuyc9vG849zn7,name-976
2WJiqvRRLMY2aSJepla8bO,QF2A9KDHF4Id8aWr4Ed4dc,name-1058
RrM6NvR8_j8gGe0dwyakoP,MCerm8ptMZVAlZcLr7gwje,name-990
DnUSzVuaAsarwUoiWCzLXl,3Nh-GPrOmgf0Rstr_jhdhe,name-728
rH_Ex1pQ66vvr8DSUOV3AI,npWrhWJNkWyLO4M3GbFtBC,name-864
8lSPaaVcBGYx8W_rBko7w2,4nf_5NsHq-xFwRaINcbH5j,name-537
NkcBt4ZQVMl546b2nTjNZx,FACI5zHIq577K6d8-NlkdT,name-269
Y8GnJ13nvh-zzCkOe94vtO,dJncGQJS_SlPz6wR1hL-2X,name-753
1WoM2AoWYJi-6qTkwUs1Au,G30cGZwcEzQs58ebKvxW9u,name-692
tEIX7ZjITLgOAeL4VR5Sfh,5GUON9lhxE8eH510vzpb3C,name-469
6JJ3zd67gV2mAIJbOHq_lZ,25-URAGDUeUEOBpjT8UYYe,name-469
eqVDKh7w2O7ayDpvDmZZBq,HXELI-ghhkaue_LBRnfUJx,name-1045
6c8T3dIwRBWv8EN647dU8J,BxQ78NePt7gZ6neSPxSzUZ,name-295
HJ5-Bnoeh_oGdsVaZeb6bu,iGpFQCQDHuUKfr4vscodNV,name-842
kdVjttOaRgHKso1mh9j2ss,C912vIF9-_Bw1Po07NcPhw,name-631
cwzwqt9l1XYcIQA_j2jmPV,olXz_q0S_dxCnBHqJ8q5Rd,name-1082
x9oB4saNNtGs1ShEzdBYOf,9V0fuASjZiOOVUhPXVEBr9,name-262
b0HwPaZxgMOG52H9aH463Y,LVe_xDCTrNwsyPScyleBfp,name-714
bcuh3MNVvdm0dO37Jz7BzQ,OXLoEvAvJZ3GlUbHJaTSYA,name-1012
25bV0LN01-vPuQxM1kW0mP,mgtYby3J4_k1nXlA9KCajx,name-965
UEcg0_QKDgrg3zY7Z2jbRd,PmCxvNPYIBJfxrsw1uH0Hn,name-532
Dcrn69dEts76D5aR8mHcEL,_r9nsK9LqBCqRWuoL_ZEHj,name-1007
hUwXHyzkF0EL-TcD7F2V5b,gMihwDNY8h8c9ge4ii2nMb,name-645
dOPwxi5nJDp6Yt6C3Cqu3Z,-zn204rLX3UtVYjklf3TMF,name-645
fjJfAik7xPtyhcWzrJX6FD,OjbMMve1nIJ0qoSNjZcXwA,name-893
XJjSDstIA2bI0aeC1ncvAA,6Ot737xwJCFZGeLu1aiw3Q,name-960
ApaTnTsUUGjtNJcR-jNJtt,u3-0sAteOV_6UjVktMn0U0,name-724
QlLDysJvMY2vT-aMZKNyYE,BReKKjLrvOoe-XMbj_KRF0,name-456
CKvHogpid7xaCz73rwIbIe,6AgubrXShoL17ey1CzCcYy,name-729
AJaAmD8braNvnH3_IeRtyy,zLoYTe6BzjvyVwXd0-pJwc,name-729
ZEmC8ETX8ZyP_92hv9bmTV,bjEZAPjaEZU2FJky1YQn3v,name-509
4ras5aRthVcLbYOBc02_EK,dStMJsuPPKXeq-mX-ivVeQ,name-697
Du0o8hM55BDsZBa-kVxNey,B6iE99H7hOBUZ23oLlpcXJ,name-874
8v2EGQG2nRHwmuXrI5G4XQ,1ZMWPqXXVoCcAUwmVIkSvg,name-874
wFmtTd9J6V-9FVQ0p16VGa,3pZaq2N9fIrWCFQQ5kkJHM,name-920
o7GM8lNedN4_cH_GiZOcRL,jTJbqb5k3CrxXdffAc8EjN,name-1033
_tg6oKsVS4nVwRPxE1WpQN,CEQ61Ci_S1RyJB_DFSJ3KI,name-1109
Wb1W7joJRb50R2UrECneIF,OzMBk8rlOAaML5RSNPzwFh,name-301
qmVERAIYnXMk33dg9lhT89,EPaNd-X1avfRw9zKC4m8Ol,name-614
Qk-z3-buQ-GBqXo7KRF9sx,EeYGFtLonRAknWLdtpYffw,name-614
iIog3556Ida4x04UL3EIUb,SMpecvymegMpHBFSuarQoD,name-619
JS8lbfMKyLUgpIDzKQnt52,7X6QzzW-THE2VT0ELn7Tch,name-389
8TvHTyqCc72WvJR40WiHka,27_MdDBPi6f5CMYQWZyahD,name-389
A9OK_SpsSfEaf80fdRLt53,UDwrIsJQtZuVC8meGBhBqS,name-376
ercqPmOa89WnpSZ3zfMBKX,D9iJpsPS2l42jDLwqp5NaH,name-292
EVkHJQSvV22QMLxTdLEcFz,ffnS33ipgepuVTyxYtX4an,name-771
Vwy7Pk0XnMi-sx8dY3te78,qzqhE6qu62PTkAdWgJvesf,name-771
JmTsmUB_0hR0zL1oNudnJK,5woPE_rvvgobGDvknVX72j,name-882
3Fcvck8DyHvPUHjEs4zH00,bJNyLvXHWcU1kFCmb9YGae,name-882
TrbJC3hriJMWoCSGzp6V4m,oyRGQmebWWCsmy-ngUcOuw,name-572
F7al8Oelu2wteIJPmnfBd5,zDz6zi1GARZemP4mpRgRND,name-761
OupTDfRaqDNuaMqWOITklQ,KN2BVX2ETm_EPEKXupSS9v,name-701
bs174hoUIWoIshAZZo5w-z,ImJGEQpMSPcvbuaADLhbtg,name-811
ryyfclR--RWF6eEV8i1FkX,Bf83noTHZjXlm_zGjdI6C2,name-622
Y7pW5RFi6LFfrscIl79TMG,MvTA0RZlHcB1oS9J7v5rZM,name-1116
Rco3GbithL9_n895Vi3oKV,0N-edsUsjMup7nM0GKE2T2,name-248
D25EHZDXsxvOGOpK4QqQOi,n6CigQun6H1oEL8wZa9sPz,name-936
M9zF3WLngD5930kWMM0NVz,mgJp4xB-fDGgFAwr6Siy3S,name-529
Db2rmHtpBT2LJnFsV3Sar3,IF-UmOPJbmGfkfbPAsfvdQ,name-1035
ql-0RJGI88BpL1JcDAChUM,5C-eS9ebJXllzbDHI2YeYZ,name-573
QVSYIUr0eaSO4iLtHlmsOl,vbSBtkOce7KVJQcSXLEWVz,name-900
8q447hLrAzrM4n2TxXWuaR,Ykl_q_X5J3fECFFc8C6SJX,name-402
2j1oPP185X39E9i1SLP5f6,f6N21Hw0TmeQKP3MJHXnFI,name-402
Ad_wgp8p2f-m0bngVvGVoe,u2Xc8Zf0qc9XkJdx43jjxO,name-1030
QxiaNusZ0nkLIEbu4Qy1au,y74BMtWmd-VahbUIj6BrM-,name-813
z9M4F5meghmXeZltT94KgP,tca1d8kBz4LxSvffwZLyBB,name-256
bAWB2F9zbejPGfnF4i6wrA,-DI6Fssdznn0QPPq3oy59d,name-256
2jxx97iRVIMI8fYag2ClA1,yHJQjkqwooE_mwal1bmTvj,name-630
qhCvn-iKTg04trc-j22x29,2QHvTuMBa0Cf0hZ-EWDtq_,name-1129
mAK3CGRcLMGfewzpxVITfo,am4bseUo8jiZBRBc7NEtnx,name-557
rokpWvyRSlj6IzHhUi_UnR,qdTwM9YGx4_0Ig7Jwlp4v5,name-964
ba-OsktM6QntckrlfpjlW0,fhaL3J0m7R3ARYdmR9QcjW,name-857
gQuQy31etHAEuJ0fgCBGlS,5IaFAkBdmlPTmT7uW9G8Iq,name-1122
DqwohX0uvGBm5frr8uyT_o,ofDyq8HSjSTPlooZX5SOIU,name-348
SaUb0EFlrV1Y9M5A3NkxWT,gr-QJmtJV1--7NILDhDCeP,name-770
PYtYUFg7St3mcV1ZsGwd0a,6QHYJ4vINzyJUFheKK7uPy,name-547
tD6hJDhXHhGqKp2rZ6cd45,FkY8B3T-goLklFGAuaiiPl,name-547
BnrMamWlTI8qZrUj4ZgQzd,XDK3zsrDiQKg2515xFsNR1,name-792
J2rSbhkycBWFkYo4oT4hL3,DWFc35tBBwqICjCnnkGJtP,name-792
2ATj3J6qHbpUnO8v3FUQA_,P5bCgA6XDh-E3KcMwvZHlc,name-347
lX-UUIdwYcAWs_n6bWRFax,6flPMX0aDIS6uc0HacU_UN,name-347
I7McJRylFWHyerpJ6QnQS9,wAj4unDlJYsdTiaciEpqEI,name-446
4lk56zA6bqnCZtq-O1xs90,fptqx441sy2q5iNuf5Egek,name-239
uml8oxU1ymOlDTY5sGbMiK,vFG_rLlGBnYiChtU0Dn2Uo,name-1069
GHwjKTtYA174qdfNQyHwb0,qDrnn9YfMV4zVwcYvQ5KzU,name-915
uQdHYoFu4Md5o-uqmDDHZ8,ybY_tcYWnKehExjsoY2doq,name-708
eQhxRUWZOL4Ki668EsuM6g,ov9gR_dng3Tf14COpJkwQo,name-708
zOAEnyJioWNnEXNIpJBEov,EBnEPKP0T_8Wr-NLGq4xZO,name-590
HAlf3Y3uSYjEOmL8E77_a0,5SXstSearaQo4tPA3XWvWL,name-407
hUvox94PtQW7g3jxqHDq-1,fILFJVHLuaNEzE7kuqTAru,name-810
Ft2n38Gu9Baw9UJetI_OCP,OTb1RLX3AhGzKIrOoXXunN,name-667
9Ew5Bk0De9wm8BW7JmTgXI,SQ0UYRVOQUnZNjnBiMU23s,name-667
F2OQ9HJwwg3_onEeF4Tj8j,Pu2xgm1jvi1u89IeQG-_Qg,name-765
fNe3g2tSWGVP60xrZEvmuX,jKqv3dAujaC3ya0gn35pL1,name-453
NJTDnVukMqY5xziOlqcl2U,py3hycROjr2IiOOn3pFox8,name-709
QdaBG06TdaFt-Y8NjkScp0,RzRcx34GmRkn7o7lg_lhEQ,name-454
9PXo2G_lXTcHOySpRzIh7E,2op1GWL7CWoKl3NKISR0dP,name-454
pKp6HXTaUEi0ouV9fF_z3M,xBAkxs959a_WMD2iR2A9Za,name-988
WsmWu5cHrB0O3y7-EhFC9w,S3tVxGoxL40wq8gm4mTsNg,name-988
YS4yoEo0IOdqqVrwN4EBNC,SO3eMbI6VNBnZ9k9sEDH5p,name-1057
gPVN5wu39HNWIIE90hiroR,_w-IuSGkTOP-DOZZnq0X4X,name-351
mzRbH1EpYh59OEnFH-LVhV,zj8axTj4BRjehGm5elWk0F,name-829
BU7oxWRpA5-gQcFgtn3pWM,Me8YavG5tfGOjL-I0-u5yt,name-438
ekkcIslSgBCsz5LUVUFgJp,RpUPltSB-zbu4QG1x14LN4,name-1073
uqubydwr3JH7qpOR0da4G3,xoP9zSn9W9utTgZr8bpCKF,name-680
NMy3t35E5mCIMQ6tPcoqyL,1o-bzj0XAid8hI18_Jbf2x,name-948
ZEJNKQ9Cbs9g5IFhmIF-5k,x0goztxcSs6LrTpETye3fa,name-228
Q_qUehZl4UYKR_mqXWHaXa,uzh-mvbwZgl5IySMQqkyd8,name-855
8e1l-TxxaYdFLsfaWtPBcG,aLLwqIb0g5KZ7a3UoXiNgU,name-428
fN3aPxKx5hATtzTLaZNa5w,N_Jh2o1m_9gAEExRut2dqv,name-1086
d0FvlBeoJm_cXtB76W-Cc0,q2Wodpu5s_F0dkjak8d4Qm,name-886
r-rg35Fb3Bn167w41C02ev,Z5HLcVclbe1nCWhanRzZT5,name-886
RSzzt_ldkORTDpd3cSjDBW,zPkT6SGyuKZWWtpZEsBkE7,name-360
W_1SIpDUx0dIND2mqDFfPb,LAgG2DiM8DZLkdKDYohKrl,name-394
nELv-ra8aAn7AIMGzEbJS7,vP1QpxiB2yDZqnB6NEtjB7,name-1010
Hm7aRefWzuu61Wb44JXtwQ,QSGyYr3JEGUGzzmK1mm8dg,name-836
WUsDM4yLMROXN3Nv8rH_gr,lsqh5SeAwulj5rrc5FBLFG,name-746
yj1WBLdiz0_YkzOxfp3hN3,USNKieR5b82XVfYkHZHliY,name-671
gwW94WrIRpGvJE9PHh0bb1,Le_L716QtF17PfiPiTsNYA,name-252
V4PpK9Tb-Y6Dd5d1Lxdf5S,Pl4ZI9xb5iew2YSoOhYHfY,name-883
FiOPeJW2oKRrGyxngVW7VC,G15lRNhOuRotgQ-TPlLUzi,name-1103
bdjq_yLImZRsnUXJHXel5Y,b3EuZBSohAsUL6d8tM6vav,name-437
OKniyuou6-hxUO1DdqLIWy,vUeiolekXhYbsCb17ga3eE,name-949
gwG1_oeeGykz3AsBWRJeGP,XBLe1i-XVkZyqbxQgtNc4e,name-825
8Y5pG2i0wa62C8xzeLl5Bw,YS15ltAlhpQKdiQv7YOpTI,name-777
-uH-ndqZC4gExdrxQxFqvd,hsNrNO4JvPGIoj6iKoS-g9,name-204
cAIbf-U7OUb7i3BEyXnUP2,UsKp_7BgmttN_NNwBVxq8d,name-204
PrjFSHbr-DR5hyG6qkJgmr,nw7N6cA2hEKO5m2IlVlaqK,name-371
K2NByUUwzE2XgHn1m8MLFq,teAHf_i71xhcNktdmdOipZ,name-685
t4iIksq8DUiWicpb6gvRLm,W-f9pzN6IHIKvvx4He3kH6,name-208
MPMIZQEyhrftHHk5ElhFvv,nbS0t2o6xR0keD8Fsr_Kyf,name-208
1QObuO1d2gXNxwDI2BIbcf,DQgdxgzIZmm6WGnEFetpQX,name-375
o68vmIk4qlMm-RAF6akVWo,2wqJLjPao1WJuY4JE-7M80,name-267
dwtauwVEzkD6z1aKHtvpU8,usLFCijr2cit1ZxgWGhRxG,name-1046
rpaUZmESwt0f0Di3K5gZZs,4DA_FlrzU4Co2Mcx-mmEeF,name-977
ZnFqp1zqOnaNhvxFACBQVZ,zhJOgzdeG0y2OBHGqFblJz,name-336
NRmjdVeLPtuJsjWOG9G7jw,MF-7dnaKm-usrNdFj2QFmT,name-336
ARVmP1_sFJkaEy7tPzsFsi,AfxnrLxHYFICKoOadtT15d,name-245
BUYXmRz0DJmnc3N1vpfSlk,xACgFEdsPPg1CvSjHsrty6,name-1038
Z84eGPHhEjgIkNOmnUKzKO,VURktIOF4oSWRjrvnd7ZkA,name-1038
VdH17ZKoHw93uId98n38uY,KWCikToBt_VFtd_1F5RDTj,name-726
MJQresrvy0lOMe8rSC7QHQ,E7lY6Mmx_5hY_RblK4N0y_,name-338
I8LC7Eypjk_IQvmH27FKqq,PaPuo8laFA5FXLZzUkAiYF,name-345
yGa7skXFpXpEBI6O7H2mKN,V2Fhg_OgHCsLWsgP3rgfjL,name-543
APXHrvqIitsv1AcqlepCC0,Gp3Wn-JJcqpfGqnIU-QuNv,name-884
wXe9StncV8egly5MyTTHG1,3yLD--M4CyeRed8sq5vFx-,name-1060
j7i9v4qT9skWbpqse6RTnO,5IiORZl-WBYRTCI_rONskT,name-861
uwCVPY8gRLDRrghRrAYpkn,nQkxhuRYA5rF9mSo1eAPrV,name-474
sx1YdkoiZVR-xrcwxsAtRc,GU9r4VBBzp2R3KiRkeDIR_,name-717
m7F-2lQCODBcGK9gZ61erF,HOCn458IRcQ826VDv47plF,name-215
4Un8JkqAeyUKHvklSWuAce,U2czeVT5sJEXtDR8_jVnm0,name-595
HQB6DPn7q5DY1EwFnmWsd_,VSz7pcfV3_5kuuc-1DULVc,name-595
g-N_Chtac15n0978YWymsp,r7J4uVRluTEKqWkfHJ5RkC,name-216
1JHZQWk8c4zAO0MQDG4H72,xwrHTb5fILNKFn37tEm_-h,name-367
13rD0edn__br6Ft3vOLhsr,mlPv0lPnSjooiSWKjJEfhX,name-1090
mplgd4xGNwad9VV3yelBJ7,iPhYMJtPSKilInSR_Kordy,name-705
X0AuN2q73l-l5EQdT28Yi6,5A55t_jtfC8OH4Mqn2KFuo,name-705
rKQJm2v4rH9d9HFmL-d6wq,AAOvSbkpiO8gXcuhwhQ7vs,name-895
RhBeEQFhYD5S1XPQBbX5wv,N6j0yftbsldnfBVf5G9ZBM,name-889
f4Zo0hzxQ3mdQ8tmCC_JrL,3TVcGPI0TuwfsvBXdBo3V6,name-580
u7RUthDJpe1xoNMT59p5XE,T8-FUdZKe7uG3IHvPA2g_h,name-946
XEUBr48kxc4e18nRBNxHcS,L-xVnhrGzz2V4F4BvxslJ2,name-1121
ZZ2nJlNEpcInZ-9oYofraC,3243FQ3nDNNp8VbSoAaS55,name-599
9JGw0gsUXLMvg7K1uB8gFr,x4hT9dRb8DyL0NxyBfrcvR,name-867
d7l2uvJRMduH5gnfgxgxxh,FFemT7i0nxcW60GLh97ebn,name-715
_SAIw9v9viM259Ncktcedu,pz9H_fNkvqpEer2-ZUtRDD,name-589
KoybNq6I_jcOznD3oh2Nbc,LWM3XBAnYTWBYj4cOyd66n,name-197
v1OIMtFWwp_lNRlMN93QE2,KgRSZql4O515O_gUiC2cqk,name-197
1Lz1xV2FQ7lvhTjj1s1u4L,agETVVMquxkEmM4da1wpj5,name-602
L9VRoy5_5nMZAyAKC4AWR-,ttUHt7LjxEmoQ3V7lGixDI,name-241
nTGUKIF5ugz5wCo6lW0cQk,OAK2xtB7g_m8xEyfMpTbKv,name-878
6P3uLtoip_dDuAs4vOITHs,VPXpL0Gme9o97XR6Wk3zvx,name-591
T32d8945plBQNwkHm69Qku,jeAp0-ifnh_WQRSfYdmwKS,name-274
mQq2TsdJ8m_tn4Vi8zbCM3,rRTuQmYAcEpKdX1hvPXUha,name-485
DlxBTvD1bsF_hlin6xAq4y,Gw9WUAjCaTg6G23Adr5wyt,name-260
vM__Dy3Y82LyVwX53bkCoI,GQJSAqD3ctvmGyI9kA0mwd,name-926
J5GlsqUSUErjJwT3YPMTIs,GQbEy436H4yonbsRqup6Nw,name-451
dNTKE0yHfzCIoBF1kXr376,ja4CAbXrycwi4SgTt4mSy-,name-244
iO3EUh0oxsddQSAl51oP6O,-N-eYPOKEMd0EIKAgkit3p,name-1036
7Wpp1AgTQXmT9JC6IKZm9r,IYwI6ojrFbwZ__3wXzH8oJ,name-1002
0kCwtZage3VvTNcg8aSUfQ,JDRMKUa8ZwFPyhmZCfCI5P,name-615
xMqsMg3sC3V3IJswAIsYC_,aiV9xdj-uIqMKCcRweZYR0,name-981
Ghm8n6GMEOm-oWKDgwexcc,QjQBac0s69v0MTnYDft6fW,name-617
W3N16rWA4aiKnVTmeLLbFF,eL_kkPm_yiUSxpxDCuXwfQ,name-617
fglqoO7gue_u4LA6QsNVeM,WJdtEs_XdV8TazRmW5eh_J,name-387
H56hHysPSfsNe8_SxVLQcS,3LQaXO185LddQM0XXhW143,name-731
di8vNDkFOukrl6I1RrY-Mp,Rx5gCyouySblM7lg7p1d0b,name-731
SklqfBzvpGMUSaOGwu3h7I,tax2H-tySM_8eHY8bkRKph,name-868
CBP9L24_9bAxkmmBnrPSRA,1UvZ1xTjfroNM1edwb7iW_,name-868
EuuGVMmrzmiGBpN-tGyxvE,mlnMHY8AjL61eZrMuX6t_b,name-677
js4wC17Ew6ELq5V73UbMGJ,iPBDYmNV_w6qlUblWf3KXC,name-416
iHxjYMRs7XRbAgR3vnBF0E,p1se3ZChE4iBnKHVSuRL2d,name-416
Ui29VXzBEEWWQ7kNPrGSeZ,FbEe_L4VlbxX-mUFvNOuTT,name-722
4DnIrsssQS-RNPXFCWbGbp,jp7S6oPxfmlNXagdS9gRh9,name-297
Fovq_3pKSfzVnaK30q2Chb,Wc2X8MRs3A9xwS_RRYEn0F,name-297
M3zlUSdc6bn_Ebrkga6cia,kP1Prm3Nqdg-lc8iq1msus,name-935
gmpyBOUjs9Ra_o2my42dI3,vXGWrtXKDHvUMbGmGkO-ms,name-664
AdfbmfDP9smxuivRTzbj2-,clJVZN43fLgZSnrUJO1O5E,name-707
DxWG6OVQ5dv04b73vcgY5h,g_fo5vf3za6nwxbFlkvFUv,name-593
jHEUe7x4L9b8U7dMr6UT_G,heUHi7t9n0Wna3ecI1U3hC,name-1130
CODm6ml2CiW3QjYp1oQBDp,H9woBCEcdOY0ppsFE2lvgl,name-583
D0ulRgNDgtTeylhJRxsGO-,bXWh5_P_X9mxi7CHRSBWmb,name-583
ow9NstF7r9ocWIIayzv-BS,YBHHOcnzPQySitIBWr-r-2,name-372
bMQy86dwQES3Jp8FPQWIaO,n_bSMOw59bpa3s7yUY2QT8,name-471
y9UqJiwLkHg9pu8V5ydvDc,D7XzBXEPV7ady_s6KJtO3k,name-820
VhD3V93oZ1zfLWKXXfUAhQ,xS_BFfGYZDi30mNBef8L2C,name-984
JKBlNZ7sdk4B_P6bMQa52s,rnB1SuAjijepfqI_o1Lznz,name-984
OuLB6cir9r9OPVOdscvje0,RrJywrReRNABlSo-mdHsDx,name-551
XxCfZqr6ymsTdDpIfSsxUI,PyvbQrNm70_loAj1f-yeIT,name-517
lngyySNsR3WTPjQoJYoRMm,BIY5fSY1s7kuyCG6v4jaXY,name-251
OLs1RCOQJfku3XfoIgcu05,oRf0MtV7qgWEn2fClK1keA,name-1049
vRXSE8uSlbhcushgXSz6vX,OYkf6achMaeu8H-M3R6kPI,name-1013
zFO5yHojGlneN17BM6RwQJ,VVt9bVnYjbKW3_UbDTVrCp,name-1031
m7mZD6l6CLBh_jpKeb8AiS,AeQvIa-hcGmtyoFBERyr2d,name-779
fpjiroovvuh_NYVVmLbctu,WlDOjVcqzH1dxhPhuDhWyQ,name-243
IM1mIvngGMH8kcd4sjA6vX,NiF4zLJLIzCrcaeiA3NmQQ,name-303
JvbH_Rh8Q-esrADULx3HEY,ERVeqXoP-jFj3tliHt6Ckd,name-876
seF9nHpwtuR5H9QtHcIzIv,Hjjoi0GUV4RVuiUgfrOHPB,name-638
6j20R-KPsPmIStb-eMsicb,34e7Qq-cF9ZMH3HCuWdMOZ,name-384
2GEh2rOWS-EVuFgeAQUkh4,3ZcTqwU79cHwxnJdzg-YX0,name-406
Rj-BhLmVHSNP1ZLw5N936h,CvFODT_Cfk45zVyQa81fCV,name-652
FbjLIETGnKvp7fXnx7S90s,AE_vDRLVriwakteB5AgU9O,name-780
QShpB0RYYHcJAy6Z0qrv1Y,ngOGH19LkJQEaC8m2c66gz,name-220
4PSMHrG_Y56vnPr4k8Zl0B,njgu3yEaSP2-Sy4at52Yeo,name-646
xwuMrejnA_6dZl9mGd9szY,ui4UlWONOuNB2wf1Vp_Zyd,name-862
yUg71yGAeqt1gHGrSpo8-C,v7qb7x_vso1qjt4s4WZ1PB,name-736
kRkr7jV4hzy7ozOZ5yusm8,UbsDEyh4fxvtPwuCw635rp,name-600
dKV7lyOFwfLaNSewY3-xso,MVrhjijX48NdrmBlWlVH0K,name-600
WB-7lu18WPOXBpMlwpppWX,5NtCNBNFvp53Tmmp-9g7fT,name-954
cQNBIqB_GVBsEz1KTb04Hi,kATzv53BNJwritd6e6v2qp,name-1115
YuXel6PggWqb5_eHoUtgjj,NBZUWr-cR3zTOFOGgoAHSt,name-520
-mR29winngTHaWjuFMwt-z,n0zzYSz67oMgYHdCerID3M,name-427
fu_f_2Svm9gQyESJdtAE02,ZiTY3PcbKMz_AZH4w5N7Fh,name-743
jCd7SRsTREaisEicW3hQD_,kQG3eVcBmphcAeV3zz1hf7,name-497
FwLzlsm5JhNDYADv8MHrgW,m8jKB2ZRKEBKdGW-zdBPN9,name-210
_vEwA0ec7i75ND5o56CW9K,tiq9ksdX3-uo-UAbAJIV4t,name-448
zFKTZl32KO0QQa7IbpQhyF,8u2AwKxvIlIcehXAoqqaIa,name-1105
5XxnFBw2OoAHS21uRavfLl,9t8K_ZTV2SHwWhO_p4zMw7,name-727
s9zA8QcTNlhCGN97rulzW3,hIYfTV6jfL6-Vl1irHd-5t,name-337
kagUHmgJlMp0rqsn4g1wMd,-vddOvC6gfaatwW0sHuzQ6,name-390
cZywp_BY6zYH-vr0CqtimF,4_2PmS1Zkn1CsDyCfdxw_c,name-266
XAKXhcpSU62JDWorcUa_rD,PWRNMUnwiw0Fg-I-LadcDV,name-730
aDRlk9awwkhg5BCPtl1Gvj,USu17p4XlCqmbC1elPSqHS,name-1076
WaD1hgeEeX_ku_qRpdp0o5,PUwykif76rkboftfPBRp9s,name-839
EIZAqLBgzZDl0A_6rhaLrn,tJ89Bcw8Rds8kR9Ol_UaMv,name-914
JoqAaqIacE9tpt7CoBarNr,lpSSEmJ3e4eeJfM-sPEZRQ,name-290
pDB-373X7nqjWXdYYAYSGh,tMQ0lYsoB0HeGS_owOlON3,name-687
wXs33K-BGt-ZbCVLZVTklf,jG8hAX83rjxVx9ezK1lPPt,name-1034
8MdvjcR0P1Ju-_l-Fbn9Dl,ONsN5CTqXkJkV_EVQmmSEP,name-506
1OtkwqGhhcy_Ohi8B7sC4q,iXQHhb1SS6peCvxdeN5d5W,name-809
MtkFPtRYLMHTvazNZ00ehp,pvv1Gdw-rmDAonhUSKJ9zm,name-809
Jb1UvukEzCItjoOmQHVye_,7hMDF2BddYwx6VcH0tV3Jd,name-324
OgRTVPv5WEyc_k1dou7AOy,633kp3wcQz8v9i84EAZHlo,name-748
bIDCSO4e1VUicmiCtrhiwI,PTlmWxUDlpOclvzUKUxA9e,name-682
6Mapiw9fjSFzbsvzuT-DfO,rVQTYFpcMB-iphZ_UJoLru,name-287
efm-dUGUoQOVjsq9bVBDpG,5eElnGBvFco-FeUokLAmGE,name-199
3mywiq0c7T2lz2eJttRshW,X7kEUr_OMOwz8_2B3MCndB,name-702
WCoLXjxm_HTrjW2Zuyx1-g,WIqP369RJWTh6T47dOZOjd,name-934
HjcMcX4vNhljvO8G8J86gi,OJbYUqc5MuZwJOhS-B570z,name-934
CePyYljxqPoXXNff_wpgqM,l4tyxw9oxoXZnlktcXzmfJ,name-694
_PiGoUUZBjFS22gdrBAv9g,vlcvf3Xo8wwAP3CdWpaBRS,name-694
ycEyW8-J3DCOKZHfYLhLsg,_OaKeGnO5v_ObHmch4A4jP,name-774
ACZrYM2VlsdrkT9OHw_SQs,ggRSoF6bOZqproRyFE5LfJ,name-481
XbKDuaHT3xbPLIBuQvrk87,w5Gne0YS7aPklQYJ87Vso0,name-481
xwfaqWJJWQl8sUsDsFCHQ3,kGrxnYDYjnLvuQIuReAqpQ,name-461
-SQB3KiOgk-P4KXV2wwQC_,piDGZnGtGSoM6Q8T8fKwTA,name-695
zuyUkafTY3O56AePClFZzI,FFlfTZ6zTkVTNqdmyx-R98,name-470
LCEx0VfMNQeclWBlsLh0wQ,4yrptBJO0Y2v5a7RPhFbng,name-425
dsnzr2VarHQO78WsQjsXCj,wIKJFGIpc-EBxxcMFCYAQz,name-661
GtnnKELzC4w3l5aqVrK7oe,hdQvymOhure52jR2F6_5Bt,name-989
QdpuXHsXfIOOTEa1_7Mp_3,8G5EENuGVuoaLFP-XX6z3X,name-405
6rgo4XIbiaZP5CTj-UHnS7,rWNlcJ9NdbDeYpqXSsldZt,name-405
9X_geyZBFgTKUrnXZRMceP,MBKsd5xzOwTrX6qZvYTiMy,name-364
Y_P5JGaOGkpCnPpPnxgGmH,UG_vCP7sbc5nZKdvmzCBtQ,name-250
DzJc9iiUYYvDrv9lQq_yKo,Y24-ZXIKaxKugV3YjB_Fe1,name-997
gvEuiLrWKW6w1ZLcN_gS0T,Dar8VtkQcuV43E7joxxaj7,name-341
UFh_XbfjTJdDTOxttyG2cz,1Q55cpeKvtIRvLTHACeSiL,name-601
LFZ0ccU5iyoH9tJKbYVDoj,LjhcvPBS1ZFV4MUi7RN1jB,name-767
iIYarzbPN5MslXZONUe5x9,Itrna4gUNM9MbGHu2ZJEcQ,name-373
wfK80BpXHyVvdOlBhkDzH_,LlPqSC7OA9QRtXprP_T2eg,name-642
n-nBvHoEdXbTcc3urmEnfx,mcqlazvkoQh7NVedX00JKi,name-830
2f60g_Uk1UTaW4hV9B62LC,OPbNUDlCQBtwWRugJreyAQ,name-830
tjNKqI1Y_f0_ZHtcXNw2WN,VI3hLvT-lkZtfAXSZ9p9uo,name-331
H2KQW_QZsF_QRCIhnx1Qen,zdtLZr677BgZvly3mGdjrw,name-525
OLeztyosXa2yOpFA7pnMZ-,EfZGevts_nrpejC-7YtNTe,name-538
RWDBGHgAwpCciMX3-0LHPv,DsvBbclKT66Twqnm1anuLq,name-1004
PigyI6HfXBofOKo2dYWYgh,-8Qih4AxnIyyXkiCQqRwVY,name-821
HUl0bP9eCNxUwMSISL3UDd,c5M1K_OkAcNWZ3CUs8eSBg,name-566
Ek0QEABh0vwGrpQAvRyh1g,w7VXijHO2pZzRz169Tigr8,name-913
zShEsBpxDv0fGTRnDMSF7O,584EgsWPvhLUxp1wum3RLY,name-212
YZflO1qZ_ErjAJ-3svSGFb,EG35jyNBolKLRu-7CHTPQd,name-212
HIJ7Yx1FXPD8FpzjwiXpfG,9hp7Q9Hq0hGh3Oqay8IBV_,name-1066
XA5Dh5R0mRG8y_ZBD_t_1q,_Mn5c4W80xdIqLSGm330Hr,name-845
THNrsB3TbEQniHD2IFsW7R,xrNFwT9GaxB0wHfO4PvvsU,name-1071
T4V4pyQlUoIEZ5ZQjVxv3r,iCyZm1exOk8iMUSQgEydPF,name-473
p6qLS-s5YlmTKjW-HysIl7,mDJLVL8Gm4ypo2qHQTdZe8,name-466
mFeSpZ-Q_0D3a2wl6fY7gn,sN-eG8LoS863aEGJ0HIgZx,name-466
P2N6ybFXhhjo4cWC7w52py,9eTjD82MUll7zvx9UrNl7Q,name-291
HoPveZpNuUiKnXPXM1MilE,u3qXpXzJSEEAMdNAdpP11w,name-268
mldCbJrkH_6HUhbMTGxJ_x,yT6ouFL7RTZKOxkuz0Xnl8,name-268
ldyIpGHFt193a0JUhAv_xW,_ZGguhhA_47BRwQ_v1bvPu,name-710
yT_nUwKA4cCPpKZ5KfIWQQ,hxF7tiLKN2AGyn23wwHnuE,name-273
txW1p9_URynMRkm9tpDMYu,doQD1r6aPk-rpTDzKSzxeS,name-501
PmqtMuwUCU2BySTC7EBTeh,lotRfyfFRsmFq3Rn_N8rOp,name-655
5S9wbtDN2KIDJyUkSonM4i,mQHWF94UWoysT4z_7wQ6K8,name-802
0nJ5FfBWTcycs-7oNdbU23,ZYxaAY4ixkirqufgzEfD2m,name-979
3fQ3QO5VAe8LNIsIzf4LCw,m_pkxtPTZtfSBl02hxiXT3,name-721
gBrYRx6f1qXetys74EO-iA,XpdfTgerWhFSco6dFREkUa,name-397
v58BnPYjiK63KXG3EYu2re,6Ift4TwkO14ib-nNH_Kqr6,name-397
Jijy3kdTp79YgLHe3tO_wL,RKbf-GTdAXnQOxTg5LXX_i,name-1102
FUdwQdOaPjmrqgkBg3Nv5J,zwwYZdIyTXjlsYTUY1FNl4,name-1014
QNllSgM2yaebfXI3eaBMBt,mHQjpswvrioCkK7y-AFdq8,name-332
HwVNy0k4F4ciTUSSwHe0Zy,kVF2jcyw7i8AbaSoanHCm9,name-795
eVTiCJljEllIgXBkFMAXyQ,p0sSxFLcbBKhdW9AIqI5-x,name-206
csBQT_i35jcv97ax7bu68a,AGFZv6srthdGAQAl8cBTmF,name-955
jkQl9poTxHoZGi2QLGeyz3,yTJtwxw8IP2733CYZ9vXFG,name-998
W9py3jWmuQqa8y833uNQQB,G3u5AowLWRWhx7ipaBGr_-,name-691
Ey-vhKSE2LYSrUCDUfHSQI,QKemCEnI3J2tVNfv4ufmai,name-691
Yzk5VxBs934DdGwp-cHqPB,rIz-wqCOch1BRgFxoX5S8v,name-1006
Xk5c60a8Oyj-jdB06Euqet,f6pM-ACfdQCSGqfI3agiwU,name-1123
UVA64ou5zppD7QVJM25m4e,-LyOj7cAQQB38znySI2ACj,name-613
bOZES3cXdRQhlyBWYoWqvU,YGK-xgoW0cFOjfS9FQBABP,name-535
ZPAiMQVC6NfYvt1pp2lJTu,vYDJAzH0BXOdqr4V1s-Hez,name-798
Q1zZ84rXHNcoB5HWqRK1q7,7OtKZKUB_nDIRvao-DuKtr,name-439
hzqmjGGW57Azi7p6trQUon,P_hvTPHsfQNUTmS0KZHHWx,name-790
LigiKMz-jRlTl0pCHQXgM6,qPSKpfe6UkvEsM__8GyPkk,name-815
1QhNOE44Rnb5pMmWzU1eVF,T2-RKCKRb2u_Fqvl3WFs5h,name-421
axCkeUGh2qEO0sLtxNKM48,-n1xSJVsc5Y3_IKxv1aExY,name-242
sBW663DEUfqPMcXQbtTfLy,7Ub83w0908UaMxBwSZ7sBj,name-335
5DmcYYyCroDS3BM6PsfwwL,IhHYX1l1qV6p1Me551qlxE,name-377
5oe0kTV2Vlyw3CXtgaIhAW,fzG_B1lI8A3YZq3p5z5hES,name-436
94NIVGvT_wsf_B2NTVfvKe,GG6xfkvSTj2rdJL66u-9J8,name-426
LFwY-EsmZQA_Z1_6SW4qOb,1_DWzAyKh1VtKD4wBYlBWq,name-1027
4SQoFddXzmQQm7YT6iHVzM,VNc0R3auqKttXpru0CNxNd,name-415
0Ij6C-8A2NnMZy8SlgIFDP,Q2Z83WQntYIkvMRcoQXk7z,name-415
ETOMuxXOicXuz7Bto1birr,VL5Af3KYoDMBz_x4ZANz5O,name-799
zpntBgJq8UBZmqxBF0tpDU,KXumJR3y8u-lnablaPRH5-,name-443
5zRgyRIdCwAaOwVWaz3gfz,78PysLZXGYqhz_EBAFTbzo,name-950
bwOhKTTH-Km4g-18-GLyW-,klhVbZeGrocabf1BMV9jKc,name-859
LqGYi4_VIyzw-3c4BglU67,cCLqoNFzMJphkZTXOEnaTA,name-1053
bbaXEJww4hcsFNV97mQ1jx,IScSY85JxkydLvbjFZDy91,name-307
yr3x12djOCjgkQQJugslcL,0i-7pXLf1YSxyMdfoSP_82,name-533
g5emFSys6bbETQZvB0s7_W,vc1Ty9AUJb76EnhsCBmFou,name-833
q5uqnyGiCRuhloeuds9R6N,N_Zwfb8HF2SIOEKdCd9x4j,name-612
sdIQWijENhJ_QDxaH7cfMb,zlshC-cZlV3owlWxlnHpg4,name-505
ih_EdDRPZcaoeBA-mlKsen,-nrkpuUcU4D6K7_i4HcS0D,name-505
5ApdOz8vcZu3H0fq5uy6OF,rrbb6WHEmG8mga2EexzCyj,name-712
iTHWp_1MdFM0dlKdUPSkeh,5vNYTtX4pX7zBHCH5iJQA4,name-877
S81LFJJraMt5JS3J44dXji,kj-QoCD8YJuQnj7cuMgqI5,name-306
844DIcw1VL6U45NoQfTAaN,yTniPy_gITsazvTMG-UIQA,name-775
pfXvJWyFlrJHzWK5FJ06-T,x8hbdrlwtqQaZuQrlGvjCg,name-639
uCwF4jyTiLbVv8Uu8DGWbm,t2KC92cO3pbhpPXSn-QjbF,name-452
jvN0ArMH4oFJH9Y6QyucQE,bprzBHCo84TisYwG3bDzFm,name-526
7bgfZM2mLRcpndXe10n15x,xqxRhlL_sUALev69PhH9J9,name-388
93fJN7QNQFvGuziP9IdNMQ,JDxu5RtzIebsu3OIuzd5Dj,name-541
Fxv-xpV5G7KsoFRIveehIA,J9Solftxhc2gU_LUNk5hCV,name-329
8R3KGh4ofCV5FocyCtKC9P,5Inps08h6SpPV2vp2ye_FK,name-561
Txtz6VgHuKDNqqYDTyX2El,dsRWXwp9GvhGrk1B2hzSWr,name-561
bW9yZ1y0Hn9inmQXNj7SdT,WnY0rVnvQK_ocXpRAu2Haq,name-1005
vKsWAsd_JFBwj66UgQrAFw,4yyyEGFeO8PEi_ah8j4ev2,name-906
ntZ6s3TuZZfiDaopKqOYP8,gqzGe8_wa2luNg5mJ7BCTc,name-751
BMoTz1ba8USfPDadrWDIkG,ddoS6sFAjzFkheY99-ayNl,name-863
CyrkUNYjmEcxGxHE4WcZcZ,rWQhMd6rrjgPibC75dudyE,name-929
kCe1a-n8Z4CqhTaH-vOZa2,fo3zLX9LRso9UM3Al3DMG6,name-693
HoLMPh8KsTkBKUFXvFb03b,OJED8ascdmx9SSusy_6iHr,name-781
kGnvLpXpUyUOaXF4JGznaa,PSXWC5-vkAWm23VgNbgOlR,name-741
9mVLIf_Q7bt2vudRzVlJed,RlhbgpOwSLNiwZvR918VPk,name-412
bufFTCfX3pdZpf3FudScku,GP-i4DTviXn3anTM0UnV7M,name-846
0A6p9B4ZNZLl4_DxcRAkRK,9J5jpXkcmAw1Y2Z1xyGjC1,name-237
By5o-rinuI4Z_vQOnxC5zt,pTROC8TaGvX_hkbms0tOIF,name-237
tyuN7beEMYoZd1_cStNmwE,aHlDrzf44gDVhfFn2iqr0W,name-498
SSp2p-dbTG_KGVzdOz4myR,QP66A4GWGYctpfkFKGJBIi,name-254
AM_ihdlK28DERNa9h_xhM_,g841JR6JFoyGJfSvKF7uu8,name-772
TyWFvtsw8WY-SIY4R_7QnZ,NQ88_Ja2j8sqKjiVNPfiDy,name-444
RT20wEkvL_JQCVLAyCCom_,T1cKIvTVdQ7JmHFZm0BNh7,name-503
NyjTH0OPadLRzJvVjsq0ta,R7ujD4AVuHreEo9wNrrJPb,name-805
dB2luVdh4T6X55xsvnLftw,eo4VQqgvgrRNif_Dx35FTK,name-786
29AEy97kzEC4UBBXYvFn4t,2XBeMPxLPaqbcYSk48VcFe,name-782
iFVroBiBaT4Dq0aQjEZkV8,AEGeaSOrESRVrn-IZ2z15R,name-546
koFRip5RmmPQ_AOmlD4OpA,inZFqxBh7p2BgUaNciT8Ri,name-1017
1WCbU8DIinYaWLRFCAk1Ej,rjAba4C9UwGP2S-rOyswfl,name-305
HqjbAPHsaKZI2Nlg1vf7jl,YQaunEMhBsM7DNOzmDBmU4,name-305
SnPd3x7_PrQSsYItzvXarp,b-sRABx6IKxEkPlbw0IzuJ,name-852
rwqtizMHD_mWo1L4tnVVbP,7Zzxyzyus_OZRX4_DO3Ajo,name-408
8SLj7y44wpqeV_-6BEZqhA,O93c9BLqpxD2O7-Pso-rvH,name-817
oT0Km-Q99Oo9is92do09oX,CRGjMmUm1xwQK-it2J-f7o,name-1064
ewLOPWgvN1tVS9AYwJrNbr,rcZT5ZSyTYUVoNI4VEUk_s,name-927
SdMftXOQevyayl1Ea4brtn,mdFrTPpTUhLkwR8l5egNqu,name-1119
7Q1frBz1F6GKKNZXpiSPKJ,kVK8INud2yxHp_6FGMJiP6,name-634
X5g4FXTvbaQE5sfA71fJiA,byf9atKKY4h4M_tqYV9ip2,name-502
QC6D9lDmTZNe2_r-tCkASv,cUoSU-_xkAIe-GMGglXGIA,name-395
JcQ6jV4DA2ZlMSEcckR4yj,fo7vuEAB7mymViTuVTHgq0,name-567
TVs_x7IPHNZTfLe_wyLWt4,MUb2Maa1YToa_XtCaUmqLw,name-567
9Rr5h45LsfuMeasfICJmAO,HwjWllXMW3wXu1XcRKF2v6,name-366
tm_t-M-Pq6iPBateLaoXJo,dJJPblqspNChXxLp6bAu8y,name-366
ezNSpjxjBYmKUCvhtFG-Bb,3Dp3at480P3wpQXSSLoPIy,name-627
dSIOQeHKLB5MVSW6GCKo3W,w5MWtrpnkjBC7GkIdlPUJt,name-627
imaiYFTLjhGNTYbzQlu20j,gQP6Tdgjoscsmi_EKf-o1Q,name-739
4iH0o9MXhUS8tO-BbyQGaL,hiexqJhfqbj27W-xNbCXYH,name-369
v2gBeUneSUvn0Ag2oPKR7r,Subpt_2QYImJfPYeFF02Mf,name-996
mNbYOnxOf7x24BiA3ZzqkQ,5ECuzKcijXG0ZF1yaE912-,name-898
fRXyrP-DyQ9DAo6eD2Xq6H,FqExeKylmWCiI8CtoTec37,name-457
-za3jmCtlCMjKDCPrAdaGz,BDNHID2UmexLvhn8kcw2kt,name-457
vcJF6pZt-b1rJbgq5m1vzr,CuXwpYc14AAttXzaYRs5VD,name-224
l5vBZGNRmbi-FB4z2GzERC,aYpDno9cJXeVJapg5uJw1x,name-499
j7Lgpur5nUz7zjFETya-NB,N9qktAO_73slZoA0Qy7Kv6,name-1080
xWTQeZJ_8s9CvmVCfYZ5BW,WSUtwWnLGRnh45GiwBkhca,name-357
rRerO5yUg7jBTBq9xDRwf_,B9OCC40OBC4kuNILpvnqBP,name-249
QqWS8lLO4cSp5vdmBvuHQ2,3lTXFGWaHrYlzEvQnASLWZ,name-968
UKrhk00JIf5kfV5mAg7d1k,t4mnUDDJ3K4nYK1bLiKBrh,name-843
BesjCnDUtptwwfm1C_Fsov,HbDgOJEqKydw2jRTk5XUrZ,name-903
OgbNJGGugZwbnuPC6eSsst,NpqYSsMtJxWolWub15AUzM,name-962
T-mSSwzkUBTOiNNaaqEBBA,qLE7gD1BHwTYR6WFkLuJ-h,name-563
xEKlnP1r6Vv6LT4CiNsYGS,nVSDb6mNX_NrRy_K6wcWmT,name-789
N1vyvNbj_hdr-ZdnEjDzQE,kqAgxkTzgkmpiXlJt9Wkb6,name-675
jZnck-83OEVvAALu7jV_6q,cI0pFQWs0cV3Xmp_k6rIjR,name-966
XjFzDH1CK-nEG4K_qBCrdV,Q-FOfk73XLyGdHAKNgN7O7,name-961
rZ5HeW1xY-NOdq5bKbDlQ8,nwoDhWD95d3TGOuGP9qWo7,name-925
YAH8V4GEtM3hUGRMODuBVn,9Ify1tSkAA1ROLYrND51Uf,name-967
HxVT43MXniW5_sFjK0-rA9,w7eTLz8s11FwZPDtGKfcx1,name-584
_znxHbHGHcRStGjZ39Ub2y,MhJde1xgB0LC0TOpZKBwOS,name-584
-XgdTZmXECpc6FSdpidvpJ,-TpxrLEpH3AmU5uIFAF0Ze,name-299
UheqUO_zkrYW_QdwCLc1mI,kwS5usCoq_NIxLDF1APq9O,name-246
dFnbuBUXVg5l35xwy8iU6b,FzXbXMwNp7XLYa5jaKO9IE,name-246
rz4HRLI7B-Jf1CIfqG-I8g,nxuNHhihjEDmKzXtRw47h5,name-356
Vp5rtY0E0NMADN443BUzUw,ushIueYFRxz_XL9tcg9VOs,name-229
7UvLrapTOgfdshS52ooV63,dgG6H7Z654kJKyxQzXrPhS,name-703
PnbQIwNGeWzkpXewrgkiZU,3JZhKYM0XwhEmo0XcxHec7,name-1100
wYlNWdO67CvmRB7cZK3C4M,cu718MsKX7a3eomhY9dTQG,name-641
Ad43FEX-vBohdtW1fpyPca,ub1WMVopfqe_F3LByVL3YX,name-629
v5VaSgr1vlZS8FgdwAOpKx,feRTcTWThSgiIPTkaMwJPA,name-737
_LXpnVP4ow7EqZ9UpR8eC9,Nuo2INmIlLZbwFuXAq-5CY,name-328
FXdx1EiuiEtajQvnwzIkiY,vpy4tlR0k32Qw5GYPVKjCy,name-214
Zx86OhCyFmfnBbtVEUuG9e,ZAKiMc9NWADbgnP92RFqnq,name-214
_sGKHNBhO_VtErysE8CbMZ,5yahySWcf-jziCAHUtGPqv,name-742
mMbXSXUvdMDn7ya7nSSbG4,Pgz4qIxM9_dpMHDILU3uRN,name-404
yr7Mp25DMCDMdqeWHwtArE,76-YudYjkLfWPdIygVSNcp,name-265
1JS-3J3Q9CKCNyzoI22qoS,9AC4mGTjeqgfcNRdz5aKta,name-265
QRxCNTFn_79JWHjNA3s5pu,BbpU3aYZe2dJkbdDzQ6xdE,name-848
O7dQ19saicv1Kig26ex7yD,7bsEI4omLTje9F2ekkN_Oi,name-562
zSUaxwxHxS6OWVhHgqS0xE,V2no7Jcnm1Afczvql0Caf3,name-234
hjUMwpd7ZoFQiPjzSqeUqU,icjaXv7k57tB1fA7Adz5sV,name-234
Iy_bed8CJYR4lfvqa8buod,VURVifiAa5LR-FnC5eFcQJ,name-579
WmcLPpix6j087jf2Lh5XJr,6DfogGKmIoEDTr399uH5Z2,name-449
U-VKDQP5mYT9Y_qNLjPV5B,xnbbYl3B1-pDEX1Sf36X_z,name-983
vnRRQBIUf2Rk9HNJOfqeb7,ByyAr_eXjOk3E6A--ToMBV,name-340
Mqn8GUf6B5reTFai5lKOe5,F0LiCaZKLpDbHMG8fyvthW,name-552
kT_NzZVbbrJCvG0WEkKHs5,JojsJXUFKxUEAVjCU5gM0n,name-1032
KRCjvepYzGThr_DXVbTK2Z,BohbJgJZeNbWtWaqzSdnVO,name-459
ykHPg_pAO1niLjYemt1B0d,__NzzdD988writeSFL2z51,name-970
zbC1YnXVpe4bnB5fAtXFxg,IZ4cwnTWpV5Fm0ncnAdBam,name-689
DDCJYfCOh8RRKaAPJDQLPP,BHzd3c1XbD7_3XSc2RF5co,name-849
69qkfVDsB0wFSLM-X4Juye,HscYwB1UwhFrD5YWBeabjz,name-636
teEEZGSe2KjVPDY0J8W-rK,WZ-JzkBtnloWwCAzt5Uxnn,name-758
qa5km25bxLx6nsVy37T2I2,LQxFyLARs_mhSucYCVIglA,name-888
lTni4ZKJy_cAr7Uo0-zzKs,Zulzgb-2w4UgWDc0G-S9zM,name-649
vQy5y30HrR368r5nT41vpJ,AUeLOfotTHMnkqloa9umvg,name-626
aJScwVzNNyANu8y5pQYISw,KJxvA5xluTg4I8laJ7ktev,name-626
awbRLP4cEPATzGb-JvYqzf,upfYNevj-iZxjMYSVzoTuN,name-787
tfarZQup84pO_hU-PPVqAj,TDxnkqLelE5n7RwtmcUqQ1,name-683
9kyVf3Ung3E8gpGjEQ7l8c,8aziy3WEySX23nJGmgHzEb,name-293
wOQh-4Qcypg13H6tRF4xbY,0yXIJj1oUBvr3KO4GsXbve,name-611
oxc42zLgSnZt_z99yRp73O,pXo8i8Smx4GO6t_o21iwLU,name-769
17NDzJTdyjCtnfnVafpXvO,CUx-5Ou8JJGoUVumvwukE5,name-916
KOWHBdve3o5HTeyCvz1cVv,Vinua9vWW4JiR-aF-pad63,name-942
LzYSw0xwuhMUcHu4uNKX1W,VWbYaDIJmntNxIXSWaCxJt,name-330
UuryU2gHYKKpC5iwsCo4Bt,sa1DR0Szi9ZcWhhvFkz-c_,name-218
m54ZW_XNwJKBGB8oNmOF0a,8XaR0aIhLhXXUcdaKPvm5H,name-218
kWwmxRdIYy01JRDf8Wc5jY,72EI-kUs0bCifKHWiVm87l,name-296
oa1u1A4MQKbaJInUlR5eUn,LPim71x8e0mIpSEUd7ekMC,name-609
4lK2-fU-4_O-unELXddPJ4,jJtjoVlj5yIO1-gaa8ZZQM,name-609
Ur3wlg3xyMi2_p1nRhyBFM,m31jT64iD_liMqMtaxsQzv,name-747
e99lsn27DpsV0aix7z42_G,suFd11XU7y3FcSKCXeg7bj,name-699
JJecPeNAHF6_jApCQwY6m3,i81_yPffZ2_Oa9HNDQIa-8,name-1096
8pm6FYtNGP5eIrlxF6PELq,JCNGnoQKZBTg3NJHZygKRh,name-959
2_BCUI2CqkoI7pLcZKBRMh,qrHpNcLwteu92Gxv-HsbAh,name-304
z1FEGKWgNennyQZeDY0hdJ,i0nR_ayBvHBlcxGtTOA3Sk,name-723
GyHRqGfnidc6zAgnATHL09,UiB_FXVTYFDVRKCtngKC0u,name-957
2yiLEMejv7_fKa-qNGEL6y,zEXEA16aHbRwnejgsEYcH1,name-651
TZ4wKXGpJimOdk9etaIUqn,jSg3qSpOq-ETqGVeVjaqGL,name-441
VXWAoFKYS892FyryhY5spa,bk6dQHk1jNOTkaOG20o25-,name-951
ABryXz3ncEXXn0jg1Luwx6,Rrxjj9SstS-nbegqgqJc5H,name-434
FalUbAkksaQqiTK8huP8OF,q0u976B6UnrjnlMINen0SM,name-261
576dKjq5_CXaX_vT06BoJt,zDanYxBYnwGtEuSDQ9VihT,name-814
qiv1YYXgcLxDOBo_MrymKc,hCqMZmJS9RA1qmsjPo5GCv,name-933
47TryREXn9ahdrpokCZe6t,T-T3upkEf4-R4eyJaTbu6F,name-923
WBOAUvRpd3XTpfDHrVD5gD,FF82CHeVosSvJxFbI_oAFt,name-919
7ckKjQyc7SKsf8kfDcZfGg,ehXI2wMXO3epOwadpaNEyW,name-919
N9EJa1chwQVflFVTImKcbz,iXHnjQMikOjrsu2IZRnzS6,name-812
Cm5rLZQamFcBdR4qYWp74I,BBWbzlr1JkBxSOvplfsnzY,name-937
37rTgQ1gGuFCynUXRAbPHs,dzxsF3v8nTqZuv4fuqgu8_,name-353
TvqN1ZX63gMmwdJBkzwwXM,BHXEZFvCjEkXFsfObKRPk4,name-553
3SQBBKNjnJAOCKtTairuTK,CPqzmchLQwG684Pn-h-fSn,name-555
vHWMdxQr9VT3cPtChKTMrj,t7ux_4nZ2HlY0ikSJFElTO,name-856
98ydCdjT4IymSM71Xe4V7J,dfE0sjFL3yMIPvI07y6LQu,name-1068
PRfnXhjZI4sft8jH-gkDYJ,ea3o88Fjyu3CSWK61PuGNt,name-302
f5vLa9q5ISKpnA319epeSI,mQYC_bgp32-oqgC55q9fBC,name-302
ivZFlM6FXyKqq2pjJTWUK6,1DfDkeJy3JHU-1nrFqjkOf,name-1075
vHmI92CZAoHlZAdeC1cbkw,UXYi-lsOIa_7NedJpPY4JP,name-1083
eX9HDW1tk1vqoghuCXW81M,CLNyBIRw9irporaPTYjBLg,name-628
VzLzlCIxchEw2iqi1wYFPD,lEqTuPk7_Lr3WGXAGkYuRh,name-374
vHprYpzDS___1L814sgl2G,A604vebxJqi4SYWOd4_2Ou,name-827
daWzhWjuXyei17rz8wgCG7,WzYJrxSqihKuytawZUivkg,name-540
DyxjzORlcXbc5VDe__Pat0,PhUlhQP3btjtgGArGeO5v_,name-540
0d3FhBxH5RjTXdSK6QljuM,7uIO-WjXUKuVCx12XJLjQo,name-544
rE-n-LXzf1oBCK54vBamWl,HAqPTv9tOXkQ4cngphPZG8,name-982
UhbSKY5v8V5MPrT-1ikGw2,_BnDkFEkcjRID1Tqg8MP3x,name-511
0P6mFp_w8A0qVRp2LOVKVO,J_GQ_9pLaqChfgoaUm2KHC,name-985
3GzMfBVbWGVuOKnT6jeCvy,HKJo03cmaCoR9x5zsvM_mX,name-495
o8pX4Qs_m7-AlLD7OrsvnN,24ezPwvX2sD1KuP1an2G_W,name-495
UgZwrOXav8hsyEOUQEKgAl,ZhIwgCny4AEjWeGp81w6wt,name-930
uC-oDUluBdaGZU8FYW4OQ8,AMMKNTfCQF7d7nien2cl24,name-930
fnLA_uCQZl87nI5YNuaCeC,PZ0J-aG1XS7j7YIdmAHgh9,name-756
imBHYa4qmVMa-JzohGFURa,iLZydS3YiAuP4MQcZsc4gy,name-657
sHwLNxGI5ixw67pJgY1qWY,0mhuMkGPSouFggaviIvfgD,name-592
eCLZ3cek86I3Q6tabNLAqP,BmrF_N5FSrkpfnX_Kjh_me,name-545
bYXvA5vMtF6zr7keW_wPjP,FHMOyfsaAT1F7Zo_6ICWZX,name-999
FX_ZF4QgnUZZVquKd0624e,aQv2lMsQ3n7PfJvZZtWA5F,name-763
SKX0vVD0jeFYXwWzdcXuB2,aNNQ6teIOrKtc1_A76kI8D,name-414
PqiKs3LNeEuvyzYWK_wLXo,vyTU0tkL0XXP_SRz0uGln6,name-806
FzkWK8LhusObZzGcpDYxZH,nuWHSgqSnjzTZrXzwY0mUk,name-1003
_q451Ye9VduU6_GR6NbLVA,dF4AdmuxK2xbBpMviD1cyD,name-564
ocNB7PWiDOq3XSL4cRDA-S,CeHyPo_PHDkGf-WxP_CTBn,name-648
0lwmRFUTroHf_HvC72bcFt,iXi-nvZ2PspIYidqprDWGv,name-282
pTRWY2Rnq5VdbpYbPG9Jig,9BPAOYStIxpZFzEmqEOLjV,name-1063
BtNQG4ihu-jXqyAW99RShF,cmexXFBsTrxWzK3SV6A095,name-690
1wtASK_bXlll5W29sj01ga,280ANzswa4JHMUejeUEaz4,name-690
fCurb0DgypJJTz9FlK9IoH,cvWW5f96IFxk5n6qBH-EUF,name-776
h1u3FDL0UyUFY-TREx_zI7,SOIc4CI9r50JepQk_AmWT8,name-894
1HyIaI737tTD_8ku-Ui29y,TwFxgcjlP3pl23WNQH5I0S,name-1120
A13R0Huq_-x0CKg8t1nQZg,ZYriuDGiLuF3IlILaR-92o,name-972
15ajqsSZv4yE7AkDxnRyCj,v2xA4pwd2efSOtA6ttOPuc,name-1028
h7U9iOdYxgq7lZRAy8GmoL,Db3P3V-vt4qrnt0AK_T7RL,name-991
Jzte_ryv8Jl_6ABqpPxIbr,NdVhzJ0dAT8OqLjfZ0ge-z,name-225
DKsQ8N6GQRzK97kw30feHQ,0nhymOpbE1DARzaWWBm2YP,name-678
zjF43YYNaHvS4efdCGXhqB,O1M-oPkoWuYzFAtqMVGRza,name-494
lm0rDbO9dLjDemkb18Yj0T,E-uM_R5ThKhg9KtH-CDjWo,name-435
JgqNQKjbygQmRwyPemghNj,cyWrhVJXbCNtrQM-kQyppm,name-513
-ldrA79rAoyy60Gj1uq0xV,mJnf5T_CNhJW8Q9oec-Jot,name-309
TulXaciSEa0l_V7g6MFGt1,TeNfhBJOCyugtg64mLV-R3,name-851
mUpcf5NshArWVoWECiycKD,Q48eZfKcOJFiGFh8oj4aGb,name-660
1zg2uhCKSH5yfVIANol3Y1,I6xTVyXeedQ0UimioNDnHM,name-669
YHNnGsyZoJvCX5T0_5vat2,djR1vneHOJty0d7AnJPFMl,name-860
3lxvj1AeisaGYs793DP4PL,ZfelJRPLhGIn_JWvrcsdFw,name-569
7fk6whvjgnfkKBExGQz_Ab,HL1OA7t7sV87n6MutNkhkn,name-548
RTD7CF8A3h2k27YSI9AWQH,GpSw9c6EnD81-m4J5DaoOB,name-837
g9648KvtRYais44x1re6BJ,mhY9a3QB1O_yPKoTuNQnsV,name-490
1CWR2tjUUlFErPtMufdyZ2,75_qU2YnZ2xbFEmMn-YblG,name-732
iNIA8hzoB_TIAdhFFqxzJ9,BI6oHt4nFmTV_NRYrut5pD,name-698
4aEISOujIvCUfuzZRFNqoN,qwjiYxQkYioIfbBSxOPyHV,name-349
C7m-EhHkrzvjiNMFOHSX56,UODuPAJ0rOExlO5PGMeuqn,name-670
6xysEZOpZnQFj2i3lcb7hu,dECO-yJ9E_MchbEU4D8juV,name-576
RRSF986F41rQw5HTlNAqEg,rf_MAnQthX9LfmX8HCmYFW,name-576
-IqJUEYVaAmBzsmHWimbc5,DXtv-oHhS0K9YgcZ7pcKFG,name-696
OVYJET-IoWjevPxA7cVqRH,D3ivghT-4_FyFnnNYRHaMg,name-616
FJECVJJwNmjp5kLNWHcshD,go_PmYfAy9NsHCijUrbJKg,name-472
hJUendw03pWK7uysSPnd5i,6n9Duyq0apSktFIaA9yCG_,name-899
W7HdpQmQQr1XLWGmxTkCRG,R3nQChH6nS_9HJCxj2P8Yw,name-565
XJFettnaVCdTdPCkByTey2,ORlcs6qvTLu71cr8DwhKIF,name-565
k54aaV_Ux8HGgkwcG_ZEzL,XxJ7CXitznGkNCMISsAPwX,name-887
nwyEc7RETUN9A8ot_cD-FG,AgGIijcmlXRM_aRljoSHJO,name-522
oNIP1oL3YXFvsn1SVEQkQR,SE0RnnlUkh2pHinxLnmkI4,name-352
fT3AAz0huCusNuOkTGgKPw,USWBkDxRx8sncYADciVS5B,name-417
zRGa39IgmFxDvtLjUjLH4l,lVDiZBrDlraJaYe986BiG9,name-417
Hvo_Fyd9hrt5X6PLFg8FTZ,mbOaU5UTziVmUlYT8JNTAh,name-386
4MBP-2A0dTsjI5AbkGUEbA,FFWaVXlxDNDOJlEd3jqxOg,name-240
zV6QkBbQjsyEAYnT5tbuD7,sqf5j2_4CIE7QUgZVv1HR_,name-783
loI4yVfjavp1W8p0b6iXkK,u7iwlXS6x_Vr7te_dPCCJk,name-559
KriUfpjrbLTzlJsYk6SthB,lsf0j1I5i23PU1QFLGjbmp,name-1050
GLC5zTnUno3LD4prWMBKeU,scGTxl_T5JnQ-QosU_9Ych,name-1117
7WxWO4EfbT8f4QtJCVKywY,Vbec4VmqIKPrPAjdx7Q_-p,name-455
JTUMT-CLa0-K1Ne2HjWW4f,fE6ifx5aQK3yCa-okBC9bD,name-455
W0AKIY1XWMGwtPkbGNgCFS,Qx_oPahr2My-QCS34lq0wT,name-757
Cizi_r9CazhwE-XaiE4Blb,EEe2FAeh4yGgLs0JuZgS-F,name-733
Ea0HuM_6c7StMcyzT1u53R,n_jEQZq54cqIv4eG6qDegc,name-317
eT4XyfXoDMStFX6lTxcj_Q,KcOmULprptMaLIdxCnRenh,name-354
PculVa5scMwuBRWwIRi-Np,Z7mYWU9LmX812ObeVS6vAE,name-480
kznYP8ed4zZngEcTeslQTG,0fm5rshwJQOz943vg_j-Cf,name-904
iikEuyetMTDjLPohF5ikBU,nLYxs9RmuP4L5n7SQxOSco,name-231
8bD8xNQslkpar_hJLV33GQ,CyPV1lTYf3hfz7D3-b08vk,name-1081
PFH8MtmVRxvcb0xX5QcFyZ,KHyke1HpBNUgIwO2Z-UTM4,name-835
xAEbLoKTpLadx7oNf7Bc3b,VbgRMhO4IRkSJitJ5wtsAt,name-430
hPSb8BynI691CHIPVax7uZ,70RiRE_AhK3IJSMubZULQp,name-971
HOTn8ZFsk034JaxPamFm90,bBd6NumEMMEuTkWwer1o1u,name-875
6bmyF45y9GFKMrV4cqKekY,TZlV5vWbAbWZ1dT_aK_EDI,name-321
YpseUB9h5z69iFCw1sklvA,Xilqj3hhsKVJy_4ayHNlBd,name-978
SiCu0PVyz2K9Zprk5VeZUh,alZ1FqQq98ZxzvVaZMZRM1,name-413
Fs8Yl0xfb2LlqYtS-nbnoG,DmmCvejOd9Ha3VJyKufKLI,name-1113
PNCNtbTPexOisrp_L6s03E,-JZM8H1m-YvdT4Cp4zmyBq,name-784
JXkl_6eW5OuROrYh2RUbaT,OkKGoLV69T7umaNIXyQY-X,name-253
VHAc68JX-1PgLwn6r5VtFS,ckBuo8fF_hF3KinBmZxlsI,name-987
wkZvdSzVh1DV_U2KspAJbg,y1cj3Qhbut6GG13NW2dyca,name-1112
XY8VTarL3OA8WlpKPD1rzk,mrIv2ijG0ivipl3pxUhJgd,name-285
mPWEgXVlxavdX8WFHQClMq,JWJTS5WSrBnKh-1oiIxcsD,name-640
aRI_V387DGhpiHgpujzUkF,9DRTeXMAiqK4jIOUQk8S7g,name-953
h4z83eOyCmcbf_37wAUElF,mAdYrDwEG3HoxCTTwEdJS0,name-333
eP7QhZ76GlLmDQZz2N1l4-,6WCaKFmz1OR6Zs5FpKccNV,name-973
Gt_ekGZMeBDZ8qxJ3tkja5,0pJzbD3xl8mNu8B007Ktn5,name-858
Qx6txCCXI8nGEHFa-YrT3M,vg5xXiSrWcRp99R7Ks-kat,name-512
BoXMJBDp1CWLj-6mw41F3e,YX8BO9yvajEhZvCBAS7551,name-824
GptlwJmHUpAHjN0v9Xc4PV,Q9g7XeXUlQ9dwRTXZ4Ie_Q,name-312
1hqdLVEneF7MRJcqTJv27P,zcHJiUpVkw_JMTfwXcgM2C,name-312
cJx80LSPtAoPIaJBc3qJRS,mmi53p7QEKepKMIs7HXF_L,name-621
FBzusQdh1QykoPKpv_Qd7-,fFDEsW6sNMYa_L7KPLtPtB,name-534
gkDTzcSWPQBmbJmR5Siydy,9QdgehPzrCUzGN8wCXOz7y,name-788
6CDnMZNcEangfB5KCFHezj,GGjG7gu9_ctrXiwSF4YcJf,name-586
4jTj3SzifOeWEJCNUHIvQq,qG1KZl4smaZNklarUDGskU,name-1072
y3HDeV5iaNd-iPuILwu5Pq,WNJF3pNItjHDiZHvr9yuF7,name-571
q_Y1HUoZK1fKcgj_AgpRz6,gLUncW_btSQCndANvsEHYQ,name-398
R3chLHv49wM7lUDl1otaBX,0he6GTMh0COQVk6NBSMckJ,name-754
-nigoDjQNxHv0bZ8OqR9Ax,Kq44nWNYtZhCMxP4BISeFI,name-232
OPF99asaJYPAZIUQ5VBDhu,_w0GeIXJVsR-nsLfTuzAfM,name-740
bvitiClzMLCb9tFOlIJkTp,byu06-vgu45Tcm57gUi_DG,name-447
p35KEwshs_Uw8xbjkNdRy7,Oeh2AmsjX9G7CBGDs0TNZF,name-1054
EebAtbo2_pztAoJEPwcI8E,l2BEopAz7nlZYx4fdXAeG3,name-391
ebDlT3jg3IJgxZ8B-NfcjJ,K5YEBs4zUw3ymTH3ib0d4R,name-604
WWJWleQAgWjCN1Rlqj2NNW,HILYnMDDVppFxu7Q4rFU2I,name-1022
vCllTsWNv1uaqivP0gQkl6,Nfv0lglBLZBy6LDHhm1fSE,name-346
-7kZwooBp5qOzDQAErB6Ir,AWnnkTmwmoSWsXNIfNd_uR,name-460
R_JT3nAjWAHgkn9I9XBBcm,G6UQt7lpc9G3Uni6ug7403,name-911
pdBATLAXufx8hXNoZ_Z1aK,s_a6HFQOT7KDJ0aq6Aoirx,name-1111
SKUpu_SmEN-BDWZIww1bqS,pFi_A8sp1vWuzn-5RZxsBF,name-1092
B6mggkW6JJNWNd6H5AqOsq,2wzx7LuY451Gi3t7JUUfYS,name-236
MbjPfn_GOKP5G2OqPQnfT_,Nu29gEf_VtOBaRQb3fpo3S,name-478
pbKVNXu40dHx56XEGRQl8m,-Y_XJL_F_mLQ53xuuYHEKc,name-1107
guLJxEE9EznruWeuIvPydK,B4CAzlS7nauJ-6Pb5Jxsx1,name-647
Q7ReYmgGXoCDoYjVbnrJJl,xSG_MwVMQ8J_JXcy8qEmuB,name-507
XdejWsxZw86fnRTGGDcjnP,axwYo47s1Eeomn5FGo6dJq,name-778
HhoR1uLXk88gQ3fOAYy4jA,63fJ68QC_ckhRJkMz3MR6x,name-223
15mYG1FHxcstW4Hzbez5o-,3NUtAO-H-0CzmAW1zyq4wJ,name-986
yeZ3tSJD0O8FnboLiseg-O,nU-DNrDwzJM9F38Aihj7gu,name-897
3R26beD61jBfnhfJgBUf6k,jANHvjwCZfOJ_PEk5so7cG,name-1101
JInkbMj_4EXSIC27B7uiNT,kdm6EkDMMDQt9aUmV-CpJD,name-716
mMKqMWH6eudwMiR4JSgbLo,8FiixWhnohVJgp-FbobU-g,name-716
LyXe8SSm1XxrLbiWhrfcWV,89VAA-wpAsW0Mi48Xx4IOD,name-822
FKCEs0gsuHnS_DyTM39olG,btyg33mZoAj33FbEUNgdfy,name-773
1tixTWM5Adu7ix1CUkYncA,IJ4_2Zt397YG1QB-hC8xNb,name-871
bL8OxE8kwReJOZypCnjrJ1,nl-CTYl7TqjNlBJS60VgYJ,name-221
NzvIa9yQMvGHqMweJ2eM1t,YyLJCSwEC4Fd_MImZvcOPK,name-975
iAG1YsbCZeb7s9BcsDVyLr,-r433_bFRo1l52jEK71jEj,name-361
sOOf_RJxxRjiH1oTj698Oa,iCQlsDYJ-dY0hOxolZqyf3,name-462
3-bQZKjpcp-ruZ2NDaN5Dw,bBeHKHUU1X9s5ZsrFYLjS2,name-1087
-1GJbKZf9ojE5yu6nC_aJ6,dBnd44XVDOmoxBd4hVvbm3,name-420
sxiPGNOdpJF7xDPB9sCzRy,x1PUchSBbAawifH78IeqNK,name-294
79jmHGDSLipU_wTJM62OuK,H8AQppNBFSsrzYZ-vNvXh-,name-1009
LfJ9PPjGEdaFH0N6m0Abf-,U8xxqDcgOSXsMbTYC2zN2h,name-838
Py0N6zSYpV6j0ycO4xrIVE,M5ZlF-4Awuh4urka10YQpk,name-577
67MR45m2a2zTR7z5OtQ17U,dJ7XF36aObngU_ORImfENq,name-527
AHoZ8CzB8vuW06jl5hSzR7,cmh5zrdje3bW0ozpqUMGMr,name-994
J0mp6qVP1CwhkuyTJdh8lr,w_470QoHYGDbKQncNwXuB5,name-663
9O0t74rpWnRPlmbCb8KmR3,wTAonJdGMetj0V0xuER6NV,name-662
VCYXC12Kngbj3aTuoa5zLw,zIoTa5izsBRoJBawz4JeIK,name-1051
P3ftQwPkI7_Tlqp4jHtHpJ,_mwHffBW5MOgeydRQChUN-,name-632
JcPiXhN7vcVu-sz7Z2CgaI,Pig-dGIPlHWKuyXHRGlcIe,name-410
YqXHfzUFkyzTwe-Ed1U_T6,ieJ-bnRHvW-sZlAuvdhpXw,name-624
3NxLIghHgKHhXcO0Beilik,byaSCdPBudWLxj3tJk6Csp,name-1042
iXljIXjwF-NIUhC55Pxbbo,Jqjt8S3uThp6l_zQkioHsw,name-890
BBhhuuShZdJRHIN9BJiRn8,yn5rQUmRCkyDmhFHbtq0o2,name-598
I_xjplRCBz6-_V3SUfc0H7,YqMmwcltnP6GGtqB_quTSV,name-344
ff6f1NqCef6YcBsdc_luov,pOQM5oWn_SGiqwliuRURJj,name-255
VLBiyD-0lfd0QYdBKMbuXv,UKruR2ORZqVOyWSd6GcSKz,name-1041
LR5_7mOb7K3c706gGrLBPg,nRVnogFarcY5bNrvkM6Mf_,name-508
fRU9PKO3XVgJI5XX7tWEDD,gHw3R6WMEPprcZUi6a-MeA,name-213
gyU1e2KgI5q_OIyGX_nBMO,If7t3opLX9wi-mgBy9F9o4,name-318
feuI5fROtDmbHt_mv80Qrt,Xsiy9dLUc4r0tdtT_-zUDp,name-558
czzmSdR9PJr_bfg26unZZ6,hL3dmKgMBlKFqXgek7aN7l,name-222
GEBfTZsQJDwEF-eyfdlBPp,TdQS84KXdmwV5BWw99sCIF,name-908
Kh9XTpl-AjAFYFRi4WgEdn,XF1HQBa_RMXgSHlzr1PY37,name-980
GqNd2dcOT9xsfO_UvBu4Qw,SHJjYiOc3XqjQzasZt63ky,name-684
uFPjf4mrOBzrHtT1ePttm-,iaud_iUh2y4LdwgTGtwcSs,name-1029
yaNwC1xOjbT5Xd9AVYa5TZ,TRN-jYNWSd3eFymre5qPV4,name-365
qj26W5kmoPiTwUHTSnwueR,Gli1SFIrdhfbxEWsHaguRt,name-922
rD_IgzXVU3MZJB645-2VFl,-1SF0mAkMX6qjT1MqlnM6K,name-956
MXzJfDJMN_xoDATTQC5sxe,zFc4SsW71xyRszbfuPyRPc,name-1040
04eTGmd8zL_NHFaUCpG9nN,aoa7y1pedbb0NUWIffPoug,name-650
nMDw_Yn-k-Mu72dpK2ruTA,wJqmVuyQYlyjMBMrbcMse-,name-458
iY8Kc76eWGySH2yT8S81JK,AdrPaLrxXx_z_VWhwcCOkQ,name-278
XqaPMZV2TxsFC8xjQZAwMe,VVac_Dol8hpj5Et-bwflhE,name-442
p_gtZtQF-4olEtl-_jkUxz,2VS1lgMwUeYOlL8XSaJfcn,name-504
M4KQhNCgxzA4wIVPNJMSW7,BQS-uBg8agIJLbCX7DDd0X,name-531
FphGDiAx1azNq9u29GhbV7,qBcYGt7oN4dS7dF9uvG1QB,name-1037
IlUAWJ9totLI01sHd88Oas,tee-o7_5F6hYGkFoKPkmh5,name-734
jrKvouUFZUXAO6lzINKrhQ,IFBwbrAlBKMW8-P7MdGCkn,name-766
yuJYeS_j9QJPjNhseU5oK4,u03ZMbWflFfeqwUlMEHti0,name-1114
2rgW7aqWk_H1jRdKhbcWHH,vTI8P57SxwNCo0oJXG3JLp,name-279
n8FYbZIz_4F95aXT7xOii1,ptEpGqfbXyHUbIeth4VB_A,name-672
mz93iOzTajhiPZN1Cp00oF,MD9t69CiN83G4Fsa2EgQIc,name-1062
KOVwBoAEPlGkp8nVGX9igT,ELSQTOLhmGejMkc0Ec92_k,name-807
tAqS4TJTkPAleGkIgG1bPD,GZrkSkyn0yjG8TMn0-FHxT,name-521
2rguxkE0Rerr4SuBMzEy51,vNUUq_IaTR0Ou54Rw3b6yv,name-918
wtUj80U8244EHh1zex7LFy,AdqpBAYtkifugp6q4JH2OY,name-704
7COMJWqH3mZoAn4nH3JhAz,qa1K7pVT26OJRvr9MkN-Ap,name-718
WHeq5_6Lceaoh8xon2L7Yj,RYYWYzDBHOXk12_WI_GzAf,name-288
uNQyPGtDrvmH_-t0fT51H8,oE7_TUfV2kijyLo98LDmEG,name-791
9z4g3Wcr66faiSHkCXNHn-,vLQt7LCfhvj8QftpJpiXKV,name-1084
DEWeQAqVM8wtnF424t8Cff,th27wauW45ugq24HLnApws,name-217
7JQHH0Eoy-HWy4QeQSgtv5,jlxBAXBgk-5RnASqCVuPQr,name-653
ARW_SNcZE9e0O_iLPBTq0K,0AvYjjZpro9XLfVnt-JPtW,name-1099
I_6u1if3jur0jgEz4kkN9t,-pCCIjPHsBBGPk6TxN4UuR,name-932
W9JXnJgugEpTjPHX37W_jG,_RWvx-7f1mlZ7DkWus1UTK,name-422
Az_kgj7bOt4J-ghBLCeGEw,iFsAEXDuHrR76wBHJGPzJ3,name-313
sBItMMisqqUmCrPv-z_bsJ,dmcpoNQNSJBrhulGwfRMYg,name-510
__mVfAgAlXdBg_OEJjB_n2,ummEpkQaLKup_77Ro17bui,name-625
m34DK53zcvy6xiLdJe1T1e,uR8xL1fXjdJcg_8oS8MMRF,name-440
bTdE2xjUK7Q6bzn15AWukl,9tgdRO4RW2GkH39Fu6D7zT,name-482
RzDqtcss2fsZrBdGKsbtyd,-xMSe8PXxuWOnkn8lbE389,name-380
7_vEYmV-eYXrMiqmvI9BNp,i3QTUXe8KdnWO6f-XZtHmm,name-800
kSZ8bRrz0Ts9PwTkQbQvas,bjhq8HBXWhYdzKRHXTUOXf,name-700
cqCHBgUB3tMGIoAk_tArGr,GMpjh1CNUQS4HLH8vOgqQu,name-745
zvFs6qQ9DESbDYiog__5H8,exBGPKtt_IrR3XqvSNecuo,name-819
IquX_1p7zte86ZnDasFw44,GgZuOODDL8dYMQj544JZPv,name-606
skELPkJ-n-rhM_RGUrTLZi,qS3TfhmvFyW6tzsjRUBXUO,name-1047
QJgP0Cjgm_5WaPLpx0vTzV,cacP48U57DlapavmFBsZK0,name-901
zSLK_391ym8X1eTtOWLSng,EYRI0YZck28h7j4rmmAHXO,name-1008
jTsJraOHxln176uk9k34_h,30DQSWe1rQ_ouqkVLiIjWs,name-493
eX92NrrKU-06r4DC5-uI96,tMFes2omC_kXOks36COlTX,name-939
h-6MiQdEK5c5K77KfFIYhJ,HRx_3Imn7EApz7DUoINsgb,name-603
ovyLavLiHZeZ8Rh6Mh4fAq,gXzjzQuGSuSaidvVAHxkGT,name-368
8Cz-ZWcgrIwJxN0CMxabEj,4dlhF_CN1sCmnr4Zka0HOc,name-931
IHUSFEVIVoE3K9-E4hS8LE,_GoQn4Tnoq7C_kGnEcw9Kk,name-483
pLjvP6Yaag7cTiY6XNifc8,tZ0mm_IhDtt8fW-mcIw-Dk,name-995
bMMdOq7yiNonSc9SgRvakR,2coAeIaHKLny5SZ9BlL6_E,name-823
ykBzqOPrhblEAgtpucTpaW,YU9Xvccdh2utwkDthf0iuD,name-992
-yPgH-hFMiCVShADEVSfTP,MehKpqZLL_lnJN5lvcOaGC,name-556
TxkkZHqZOuQ37oW65wfqtJ,jG3lW9XAqIuXfWkq-Wf0zg,name-720
ff_h5JwbjSIbLWQngJKybw,YOuyTo7S1N-CZ_r2Ilj2fS,name-1061
PjYYxnU61BbQ3RkrcIFGIt,5kBHxELaACm-IXPpIuscVi,name-578
pdDnLPg9x_s8TqZ-N7AIVf,f9VSavr82LJD58GCM3B1s2,name-873
7yZi85Q2jEA4KXpf_7Rc-F,cjfyz7rtnl14PK0uQi0sGT,name-198
y_7KyMxjcVeZHqe1Z6LmAN,tNitqvsCHe4Sa4gro_aQer,name-554
